// Generated deterministically by generate_frozen_bootstrap.py.
// Only the codec modules required before descriptor-backed imports are frozen.
#include <Python.h>

#include "hans_frozen_bootstrap.h"

namespace hans::python {
// encodings: source-sha256=2b708410495acf12a6fad9d2de928dd89e567537c253eaa2b51aaae578e96c59 marshal-sha256=e6968bc0b08df243a67976e8b1f5754e1a7c80f300480e452283e18c70f4bbd0
// encodings.aliases: source-sha256=1ee993f8eb4986999b6501381e53947be9a04443626cb48b4190bcff2e87d3b4 marshal-sha256=b4ef1f5bf83c87817bd1bbbc4c2ed29fe1bf6b80707445fea4412176c81ab356
// encodings.utf_8: source-sha256=ba0cac060269583523ca9506473a755203037c57d466a11aa89a30a5f6756f3d marshal-sha256=9409bdf184544bb0d3f5a4cc13b667ce30759bf13550c45abf385be876b497b6

static const unsigned char kFrozen0[] = {
    0x63, 0x00, 0x00, 0x00, 0x00, 0x00, 0x00, 0x00, 0x00, 0x00, 0x00, 0x00, 0x00, 0x06, 0x00, 0x00,
    0x00, 0x00, 0x00, 0x00, 0x00, 0xf3, 0xf0, 0x00, 0x00, 0x00, 0x80, 0x00, 0x5e, 0x00, 0x52, 0x01,
    0x49, 0x00, 0x74, 0x00, 0x5e, 0x00, 0x52, 0x01, 0x49, 0x01, 0x74, 0x01, 0x5e, 0x01, 0x52, 0x02,
    0x49, 0x02, 0x48, 0x03, 0x74, 0x03, 0x1f, 0x00, 0x2f, 0x00, 0x74, 0x04, 0x52, 0x03, 0x74, 0x05,
    0x52, 0x04, 0x74, 0x06, 0x52, 0x05, 0x2e, 0x01, 0x74, 0x07, 0x5d, 0x03, 0x50, 0x06, 0x00, 0x00,
    0x00, 0x00, 0x00, 0x00, 0x00, 0x00, 0x00, 0x00, 0x00, 0x00, 0x00, 0x00, 0x00, 0x00, 0x00, 0x00,
    0x74, 0x08, 0x15, 0x00, 0x21, 0x00, 0x52, 0x06, 0x17, 0x00, 0x52, 0x07, 0x5d, 0x09, 0x5d, 0x0a,
    0x34, 0x04, 0x00, 0x00, 0x00, 0x00, 0x00, 0x00, 0x74, 0x0b, 0x52, 0x08, 0x17, 0x00, 0x74, 0x0c,
    0x52, 0x09, 0x17, 0x00, 0x74, 0x0d, 0x5d, 0x00, 0x50, 0x1c, 0x00, 0x00, 0x00, 0x00, 0x00, 0x00,
    0x00, 0x00, 0x00, 0x00, 0x00, 0x00, 0x00, 0x00, 0x00, 0x00, 0x00, 0x00, 0x21, 0x00, 0x5d, 0x0d,
    0x34, 0x01, 0x00, 0x00, 0x00, 0x00, 0x00, 0x00, 0x1f, 0x00, 0x5d, 0x01, 0x50, 0x1e, 0x00, 0x00,
    0x00, 0x00, 0x00, 0x00, 0x00, 0x00, 0x00, 0x00, 0x00, 0x00, 0x00, 0x00, 0x00, 0x00, 0x00, 0x00,
    0x52, 0x0a, 0x38, 0x58, 0x00, 0x00, 0x64, 0x1e, 0x00, 0x00, 0x1c, 0x00, 0x5e, 0x01, 0x52, 0x0b,
    0x49, 0x10, 0x48, 0x11, 0x74, 0x11, 0x1f, 0x00, 0x52, 0x0c, 0x17, 0x00, 0x74, 0x12, 0x5d, 0x00,
    0x50, 0x1c, 0x00, 0x00, 0x00, 0x00, 0x00, 0x00, 0x00, 0x00, 0x00, 0x00, 0x00, 0x00, 0x00, 0x00,
    0x00, 0x00, 0x00, 0x00, 0x21, 0x00, 0x5d, 0x12, 0x34, 0x01, 0x00, 0x00, 0x00, 0x00, 0x00, 0x00,
    0x1f, 0x00, 0x52, 0x01, 0x23, 0x00, 0x52, 0x01, 0x23, 0x00, 0x29, 0x0d, 0xe9, 0x00, 0x00, 0x00,
    0x00, 0x4e, 0x29, 0x01, 0xda, 0x07, 0x61, 0x6c, 0x69, 0x61, 0x73, 0x65, 0x73, 0x69, 0xf4, 0x01,
    0x00, 0x00, 0x7a, 0x0b, 0x2d, 0x2d, 0x75, 0x6e, 0x6b, 0x6e, 0x6f, 0x77, 0x6e, 0x2d, 0x2d, 0xda,
    0x01, 0x2a, 0x63, 0x00, 0x00, 0x00, 0x00, 0x00, 0x00, 0x00, 0x00, 0x00, 0x00, 0x00, 0x00, 0x01,
    0x00, 0x00, 0x00, 0x00, 0x00, 0x00, 0x00, 0xf3, 0x16, 0x00, 0x00, 0x00, 0x80, 0x00, 0x5d, 0x00,
    0x74, 0x01, 0x52, 0x00, 0x74, 0x02, 0x5e, 0x29, 0x74, 0x03, 0x52, 0x01, 0x74, 0x04, 0x52, 0x02,
    0x23, 0x00, 0x29, 0x03, 0xda, 0x12, 0x43, 0x6f, 0x64, 0x65, 0x63, 0x52, 0x65, 0x67, 0x69, 0x73,
    0x74, 0x72, 0x79, 0x45, 0x72, 0x72, 0x6f, 0x72, 0xa9, 0x00, 0x4e, 0x29, 0x05, 0xda, 0x08, 0x5f,
    0x5f, 0x6e, 0x61, 0x6d, 0x65, 0x5f, 0x5f, 0xda, 0x0a, 0x5f, 0x5f, 0x6d, 0x6f, 0x64, 0x75, 0x6c,
    0x65, 0x5f, 0x5f, 0xda, 0x0c, 0x5f, 0x5f, 0x71, 0x75, 0x61, 0x6c, 0x6e, 0x61, 0x6d, 0x65, 0x5f,
    0x5f, 0xda, 0x0f, 0x5f, 0x5f, 0x66, 0x69, 0x72, 0x73, 0x74, 0x6c, 0x69, 0x6e, 0x65, 0x6e, 0x6f,
    0x5f, 0x5f, 0xda, 0x15, 0x5f, 0x5f, 0x73, 0x74, 0x61, 0x74, 0x69, 0x63, 0x5f, 0x61, 0x74, 0x74,
    0x72, 0x69, 0x62, 0x75, 0x74, 0x65, 0x73, 0x5f, 0x5f, 0x72, 0x06, 0x00, 0x00, 0x00, 0xf3, 0x00,
    0x00, 0x00, 0x00, 0xda, 0x12, 0x3c, 0x66, 0x72, 0x6f, 0x7a, 0x65, 0x6e, 0x20, 0x65, 0x6e, 0x63,
    0x6f, 0x64, 0x69, 0x6e, 0x67, 0x73, 0x3e, 0x72, 0x05, 0x00, 0x00, 0x00, 0x72, 0x05, 0x00, 0x00,
    0x00, 0x29, 0x00, 0x00, 0x00, 0x73, 0x05, 0x00, 0x00, 0x00, 0x86, 0x00, 0xdb, 0x04, 0x08, 0x72,
    0x0c, 0x00, 0x00, 0x00, 0x72, 0x05, 0x00, 0x00, 0x00, 0x63, 0x01, 0x00, 0x00, 0x00, 0x00, 0x00,
    0x00, 0x00, 0x00, 0x00, 0x00, 0x00, 0x04, 0x00, 0x00, 0x00, 0x03, 0x00, 0x00, 0x00, 0xf3, 0x58,
    0x01, 0x00, 0x00, 0x80, 0x00, 0x5c, 0x01, 0x00, 0x00, 0x00, 0x00, 0x00, 0x00, 0x00, 0x00, 0x56,
    0x00, 0x5c, 0x02, 0x00, 0x00, 0x00, 0x00, 0x00, 0x00, 0x00, 0x00, 0x34, 0x02, 0x00, 0x00, 0x00,
    0x00, 0x00, 0x00, 0x27, 0x00, 0x00, 0x00, 0x00, 0x00, 0x00, 0x00, 0x64, 0x0d, 0x00, 0x00, 0x1c,
    0x00, 0x5c, 0x05, 0x00, 0x00, 0x00, 0x00, 0x00, 0x00, 0x00, 0x00, 0x56, 0x00, 0x52, 0x00, 0x34,
    0x02, 0x00, 0x00, 0x00, 0x00, 0x00, 0x00, 0x70, 0x00, 0x2e, 0x00, 0x70, 0x01, 0x52, 0x01, 0x70,
    0x02, 0x56, 0x00, 0x10, 0x00, 0x46, 0x6e, 0x00, 0x00, 0x70, 0x03, 0x56, 0x03, 0x50, 0x07, 0x00,
    0x00, 0x00, 0x00, 0x00, 0x00, 0x00, 0x00, 0x00, 0x00, 0x00, 0x00, 0x00, 0x00, 0x00, 0x00, 0x00,
    0x00, 0x34, 0x00, 0x00, 0x00, 0x00, 0x00, 0x00, 0x00, 0x27, 0x00, 0x00, 0x00, 0x00, 0x00, 0x00,
    0x00, 0x67, 0x08, 0x00, 0x00, 0x1c, 0x00, 0x56, 0x03, 0x52, 0x02, 0x38, 0x58, 0x00, 0x00, 0x64,
    0x4d, 0x00, 0x00, 0x1c, 0x00, 0x56, 0x02, 0x27, 0x00, 0x00, 0x00, 0x00, 0x00, 0x00, 0x00, 0x64,
    0x1a, 0x00, 0x00, 0x1c, 0x00, 0x56, 0x01, 0x27, 0x00, 0x00, 0x00, 0x00, 0x00, 0x00, 0x00, 0x64,
    0x12, 0x00, 0x00, 0x1c, 0x00, 0x56, 0x01, 0x50, 0x09, 0x00, 0x00, 0x00, 0x00, 0x00, 0x00, 0x00,
    0x00, 0x00, 0x00, 0x00, 0x00, 0x00, 0x00, 0x00, 0x00, 0x00, 0x00, 0x52, 0x03, 0x34, 0x01, 0x00,
    0x00, 0x00, 0x00, 0x00, 0x00, 0x1f, 0x00, 0x56, 0x03, 0x50, 0x0b, 0x00, 0x00, 0x00, 0x00, 0x00,
    0x00, 0x00, 0x00, 0x00, 0x00, 0x00, 0x00, 0x00, 0x00, 0x00, 0x00, 0x00, 0x00, 0x34, 0x00, 0x00,
    0x00, 0x00, 0x00, 0x00, 0x00, 0x27, 0x00, 0x00, 0x00, 0x00, 0x00, 0x00, 0x00, 0x64, 0x12, 0x00,
    0x00, 0x1c, 0x00, 0x56, 0x01, 0x50, 0x09, 0x00, 0x00, 0x00, 0x00, 0x00, 0x00, 0x00, 0x00, 0x00,
    0x00, 0x00, 0x00, 0x00, 0x00, 0x00, 0x00, 0x00, 0x00, 0x56, 0x03, 0x34, 0x01, 0x00, 0x00, 0x00,
    0x00, 0x00, 0x00, 0x1f, 0x00, 0x52, 0x01, 0x70, 0x02, 0x4b, 0x6c, 0x00, 0x00, 0x52, 0x04, 0x70,
    0x02, 0x4b, 0x70, 0x00, 0x00, 0x09, 0x00, 0x1e, 0x00, 0x52, 0x05, 0x50, 0x0d, 0x00, 0x00, 0x00,
    0x00, 0x00, 0x00, 0x00, 0x00, 0x00, 0x00, 0x00, 0x00, 0x00, 0x00, 0x00, 0x00, 0x00, 0x00, 0x56,
    0x01, 0x34, 0x01, 0x00, 0x00, 0x00, 0x00, 0x00, 0x00, 0x23, 0x00, 0x29, 0x06, 0xda, 0x05, 0x61,
    0x73, 0x63, 0x69, 0x69, 0x46, 0xda, 0x01, 0x2e, 0xda, 0x01, 0x5f, 0x54, 0xda, 0x00, 0x29, 0x07,
    0xda, 0x0a, 0x69, 0x73, 0x69, 0x6e, 0x73, 0x74, 0x61, 0x6e, 0x63, 0x65, 0xda, 0x05, 0x62, 0x79,
    0x74, 0x65, 0x73, 0xda, 0x03, 0x73, 0x74, 0x72, 0xda, 0x07, 0x69, 0x73, 0x61, 0x6c, 0x6e, 0x75,
    0x6d, 0xda, 0x06, 0x61, 0x70, 0x70, 0x65, 0x6e, 0x64, 0xda, 0x07, 0x69, 0x73, 0x61, 0x73, 0x63,
    0x69, 0x69, 0xda, 0x04, 0x6a, 0x6f, 0x69, 0x6e, 0x29, 0x04, 0xda, 0x08, 0x65, 0x6e, 0x63, 0x6f,
    0x64, 0x69, 0x6e, 0x67, 0xda, 0x05, 0x63, 0x68, 0x61, 0x72, 0x73, 0xda, 0x05, 0x70, 0x75, 0x6e,
    0x63, 0x74, 0xda, 0x01, 0x63, 0x73, 0x04, 0x00, 0x00, 0x00, 0x26, 0x20, 0x20, 0x20, 0x72, 0x0d,
    0x00, 0x00, 0x00, 0xda, 0x12, 0x6e, 0x6f, 0x72, 0x6d, 0x61, 0x6c, 0x69, 0x7a, 0x65, 0x5f, 0x65,
    0x6e, 0x63, 0x6f, 0x64, 0x69, 0x6e, 0x67, 0x72, 0x1e, 0x00, 0x00, 0x00, 0x2c, 0x00, 0x00, 0x00,
    0x73, 0x83, 0x00, 0x00, 0x00, 0x80, 0x00, 0xf4, 0x18, 0x00, 0x08, 0x12, 0x90, 0x28, 0x9c, 0x45,
    0xd7, 0x07, 0x22, 0xd2, 0x07, 0x22, 0xdc, 0x13, 0x16, 0x90, 0x78, 0xa0, 0x17, 0xd3, 0x13, 0x29,
    0x88, 0x08, 0xe0, 0x0c, 0x0e, 0x80, 0x45, 0xd8, 0x0c, 0x11, 0x80, 0x45, 0xdb, 0x0d, 0x15, 0x88,
    0x01, 0xd8, 0x0b, 0x0c, 0x8f, 0x39, 0x89, 0x39, 0x8f, 0x3b, 0x8a, 0x3b, 0x98, 0x21, 0x98, 0x73,
    0x9c, 0x28, 0xdf, 0x0f, 0x14, 0x9f, 0x15, 0xd8, 0x10, 0x15, 0x97, 0x0c, 0x91, 0x0c, 0x98, 0x53,
    0xd4, 0x10, 0x21, 0xd8, 0x0f, 0x10, 0x8f, 0x79, 0x89, 0x79, 0x8f, 0x7b, 0x8a, 0x7b, 0xd8, 0x10,
    0x15, 0x97, 0x0c, 0x91, 0x0c, 0x98, 0x51, 0x94, 0x0f, 0xd8, 0x14, 0x19, 0x8a, 0x45, 0xe0, 0x14,
    0x18, 0x8a, 0x45, 0xf1, 0x11, 0x00, 0x0e, 0x16, 0xf0, 0x12, 0x00, 0x0c, 0x0e, 0x8f, 0x37, 0x89,
    0x37, 0x90, 0x35, 0x8b, 0x3e, 0xd0, 0x04, 0x19, 0x72, 0x0c, 0x00, 0x00, 0x00, 0x63, 0x01, 0x00,
    0x00, 0x00, 0x00, 0x00, 0x00, 0x00, 0x00, 0x00, 0x00, 0x00, 0x07, 0x00, 0x00, 0x00, 0x03, 0x00,
    0x00, 0x00, 0xf3, 0x08, 0x07, 0x00, 0x00, 0x80, 0x00, 0x5c, 0x00, 0x00, 0x00, 0x00, 0x00, 0x00,
    0x00, 0x00, 0x00, 0x50, 0x03, 0x00, 0x00, 0x00, 0x00, 0x00, 0x00, 0x00, 0x00, 0x00, 0x00, 0x00,
    0x00, 0x00, 0x00, 0x00, 0x00, 0x00, 0x00, 0x56, 0x00, 0x5c, 0x04, 0x00, 0x00, 0x00, 0x00, 0x00,
    0x00, 0x00, 0x00, 0x34, 0x02, 0x00, 0x00, 0x00, 0x00, 0x00, 0x00, 0x70, 0x01, 0x56, 0x01, 0x5c,
    0x04, 0x00, 0x00, 0x00, 0x00, 0x00, 0x00, 0x00, 0x00, 0x4a, 0x01, 0x64, 0x03, 0x00, 0x00, 0x1c,
    0x00, 0x56, 0x01, 0x23, 0x00, 0x5c, 0x07, 0x00, 0x00, 0x00, 0x00, 0x00, 0x00, 0x00, 0x00, 0x56,
    0x00, 0x34, 0x01, 0x00, 0x00, 0x00, 0x00, 0x00, 0x00, 0x70, 0x02, 0x5c, 0x08, 0x00, 0x00, 0x00,
    0x00, 0x00, 0x00, 0x00, 0x00, 0x50, 0x03, 0x00, 0x00, 0x00, 0x00, 0x00, 0x00, 0x00, 0x00, 0x00,
    0x00, 0x00, 0x00, 0x00, 0x00, 0x00, 0x00, 0x00, 0x00, 0x56, 0x02, 0x34, 0x01, 0x00, 0x00, 0x00,
    0x00, 0x00, 0x00, 0x3b, 0x01, 0x27, 0x00, 0x00, 0x00, 0x00, 0x00, 0x00, 0x00, 0x67, 0x26, 0x00,
    0x00, 0x1c, 0x00, 0x1f, 0x00, 0x5c, 0x08, 0x00, 0x00, 0x00, 0x00, 0x00, 0x00, 0x00, 0x00, 0x50,
    0x03, 0x00, 0x00, 0x00, 0x00, 0x00, 0x00, 0x00, 0x00, 0x00, 0x00, 0x00, 0x00, 0x00, 0x00, 0x00,
    0x00, 0x00, 0x00, 0x56, 0x02, 0x50, 0x0b, 0x00, 0x00, 0x00, 0x00, 0x00, 0x00, 0x00, 0x00, 0x00,
    0x00, 0x00, 0x00, 0x00, 0x00, 0x00, 0x00, 0x00, 0x00, 0x52, 0x00, 0x52, 0x01, 0x34, 0x02, 0x00,
    0x00, 0x00, 0x00, 0x00, 0x00, 0x34, 0x01, 0x00, 0x00, 0x00, 0x00, 0x00, 0x00, 0x70, 0x03, 0x56,
    0x03, 0x65, 0x06, 0x00, 0x00, 0x1c, 0x00, 0x56, 0x03, 0x56, 0x02, 0x2e, 0x02, 0x70, 0x04, 0x4d,
    0x03, 0x56, 0x02, 0x2e, 0x01, 0x70, 0x04, 0x56, 0x04, 0x10, 0x00, 0x46, 0x2e, 0x00, 0x00, 0x70,
    0x05, 0x56, 0x05, 0x27, 0x00, 0x00, 0x00, 0x00, 0x00, 0x00, 0x00, 0x64, 0x08, 0x00, 0x00, 0x1c,
    0x00, 0x52, 0x00, 0x56, 0x05, 0x39, 0x00, 0x00, 0x00, 0x64, 0x03, 0x00, 0x00, 0x1c, 0x00, 0x4b,
    0x14, 0x00, 0x00, 0x1b, 0x00, 0x5c, 0x0d, 0x00, 0x00, 0x00, 0x00, 0x00, 0x00, 0x00, 0x00, 0x52,
    0x03, 0x56, 0x05, 0x2c, 0x00, 0x00, 0x00, 0x00, 0x00, 0x00, 0x00, 0x00, 0x00, 0x00, 0x00, 0x5c,
    0x0e, 0x00, 0x00, 0x00, 0x00, 0x00, 0x00, 0x00, 0x00, 0x5e, 0x00, 0x52, 0x04, 0x37, 0x03, 0x00,
    0x00, 0x00, 0x00, 0x00, 0x00, 0x70, 0x06, 0x1f, 0x00, 0x4d, 0x04, 0x09, 0x00, 0x1e, 0x00, 0x52,
    0x02, 0x70, 0x06, 0x1b, 0x00, 0x56, 0x06, 0x50, 0x12, 0x00, 0x00, 0x00, 0x00, 0x00, 0x00, 0x00,
    0x00, 0x00, 0x00, 0x00, 0x00, 0x00, 0x00, 0x00, 0x00, 0x00, 0x00, 0x70, 0x07, 0x56, 0x06, 0x66,
    0x38, 0x00, 0x00, 0x1c, 0x00, 0x5c, 0x17, 0x00, 0x00, 0x00, 0x00, 0x00, 0x00, 0x00, 0x00, 0x5c,
    0x00, 0x00, 0x00, 0x00, 0x00, 0x00, 0x00, 0x00, 0x00, 0x34, 0x01, 0x00, 0x00, 0x00, 0x00, 0x00,
    0x00, 0x5c, 0x18, 0x00, 0x00, 0x00, 0x00, 0x00, 0x00, 0x00, 0x00, 0x38, 0xbc, 0x00, 0x00, 0x64,
    0x15, 0x00, 0x00, 0x1c, 0x00, 0x5c, 0x00, 0x00, 0x00, 0x00, 0x00, 0x00, 0x00, 0x00, 0x00, 0x50,
    0x1b, 0x00, 0x00, 0x00, 0x00, 0x00, 0x00, 0x00, 0x00, 0x00, 0x00, 0x00, 0x00, 0x00, 0x00, 0x00,
    0x00, 0x00, 0x00, 0x34, 0x00, 0x00, 0x00, 0x00, 0x00, 0x00, 0x00, 0x1f, 0x00, 0x52, 0x02, 0x5c,
    0x00, 0x00, 0x00, 0x00, 0x00, 0x00, 0x00, 0x00, 0x00, 0x56, 0x00, 0x26, 0x00, 0x00, 0x00, 0x52,
    0x02, 0x23, 0x00, 0x58, 0x07, 0x21, 0x00, 0x34, 0x00, 0x00, 0x00, 0x00, 0x00, 0x00, 0x00, 0x70,
    0x01, 0x5c, 0x1d, 0x00, 0x00, 0x00, 0x00, 0x00, 0x00, 0x00, 0x00, 0x56, 0x01, 0x5c, 0x1e, 0x00,
    0x00, 0x00, 0x00, 0x00, 0x00, 0x00, 0x00, 0x50, 0x20, 0x00, 0x00, 0x00, 0x00, 0x00, 0x00, 0x00,
    0x00, 0x00, 0x00, 0x00, 0x00, 0x00, 0x00, 0x00, 0x00, 0x00, 0x00, 0x34, 0x02, 0x00, 0x00, 0x00,
    0x00, 0x00, 0x00, 0x27, 0x00, 0x00, 0x00, 0x00, 0x00, 0x00, 0x00, 0x45, 0x01, 0x67, 0xbf, 0x00,
    0x00, 0x1c, 0x00, 0x5e, 0x04, 0x5c, 0x17, 0x00, 0x00, 0x00, 0x00, 0x00, 0x00, 0x00, 0x00, 0x56,
    0x01, 0x34, 0x01, 0x00, 0x00, 0x00, 0x00, 0x00, 0x00, 0x75, 0x02, 0x3b, 0x02, 0x38, 0x3a, 0x00,
    0x00, 0x64, 0x08, 0x00, 0x00, 0x1c, 0x00, 0x5e, 0x07, 0x38, 0x3a, 0x00, 0x00, 0x67, 0x2b, 0x00,
    0x00, 0x1c, 0x00, 0x4d, 0x01, 0x1f, 0x00, 0x5c, 0x23, 0x00, 0x00, 0x00, 0x00, 0x00, 0x00, 0x00,
    0x00, 0x52, 0x05, 0x56, 0x06, 0x50, 0x24, 0x00, 0x00, 0x00, 0x00, 0x00, 0x00, 0x00, 0x00, 0x00,
    0x00, 0x00, 0x00, 0x00, 0x00, 0x00, 0x00, 0x00, 0x00, 0x3a, 0x01, 0x0c, 0x00, 0x52, 0x06, 0x56,
    0x06, 0x50, 0x26, 0x00, 0x00, 0x00, 0x00, 0x00, 0x00, 0x00, 0x00, 0x00, 0x00, 0x00, 0x00, 0x00,
    0x00, 0x00, 0x00, 0x00, 0x00, 0x3a, 0x01, 0x0c, 0x00, 0x52, 0x07, 0x32, 0x05, 0x34, 0x01, 0x00,
    0x00, 0x00, 0x00, 0x00, 0x00, 0x68, 0x01, 0x5c, 0x29, 0x00, 0x00, 0x00, 0x00, 0x00, 0x00, 0x00,
    0x00, 0x56, 0x01, 0x5e, 0x00, 0x2c, 0x1a, 0x00, 0x00, 0x00, 0x00, 0x00, 0x00, 0x00, 0x00, 0x00,
    0x00, 0x34, 0x01, 0x00, 0x00, 0x00, 0x00, 0x00, 0x00, 0x27, 0x00, 0x00, 0x00, 0x00, 0x00, 0x00,
    0x00, 0x64, 0xc5, 0x00, 0x00, 0x1c, 0x00, 0x5c, 0x29, 0x00, 0x00, 0x00, 0x00, 0x00, 0x00, 0x00,
    0x00, 0x56, 0x01, 0x5e, 0x01, 0x2c, 0x1a, 0x00, 0x00, 0x00, 0x00, 0x00, 0x00, 0x00, 0x00, 0x00,
    0x00, 0x34, 0x01, 0x00, 0x00, 0x00, 0x00, 0x00, 0x00, 0x27, 0x00, 0x00, 0x00, 0x00, 0x00, 0x00,
    0x00, 0x64, 0xad, 0x00, 0x00, 0x1c, 0x00, 0x56, 0x01, 0x5e, 0x02, 0x2c, 0x1a, 0x00, 0x00, 0x00,
    0x00, 0x00, 0x00, 0x00, 0x00, 0x00, 0x00, 0x65, 0x19, 0x00, 0x00, 0x1c, 0x00, 0x5c, 0x29, 0x00,
    0x00, 0x00, 0x00, 0x00, 0x00, 0x00, 0x00, 0x56, 0x01, 0x5e, 0x02, 0x2c, 0x1a, 0x00, 0x00, 0x00,
    0x00, 0x00, 0x00, 0x00, 0x00, 0x00, 0x00, 0x34, 0x01, 0x00, 0x00, 0x00, 0x00, 0x00, 0x00, 0x27,
    0x00, 0x00, 0x00, 0x00, 0x00, 0x00, 0x00, 0x64, 0x8a, 0x00, 0x00, 0x1c, 0x00, 0x56, 0x01, 0x5e,
    0x03, 0x2c, 0x1a, 0x00, 0x00, 0x00, 0x00, 0x00, 0x00, 0x00, 0x00, 0x00, 0x00, 0x65, 0x19, 0x00,
    0x00, 0x1c, 0x00, 0x5c, 0x29, 0x00, 0x00, 0x00, 0x00, 0x00, 0x00, 0x00, 0x00, 0x56, 0x01, 0x5e,
    0x03, 0x2c, 0x1a, 0x00, 0x00, 0x00, 0x00, 0x00, 0x00, 0x00, 0x00, 0x00, 0x00, 0x34, 0x01, 0x00,
    0x00, 0x00, 0x00, 0x00, 0x00, 0x27, 0x00, 0x00, 0x00, 0x00, 0x00, 0x00, 0x00, 0x64, 0x67, 0x00,
    0x00, 0x1c, 0x00, 0x5c, 0x17, 0x00, 0x00, 0x00, 0x00, 0x00, 0x00, 0x00, 0x00, 0x56, 0x01, 0x34,
    0x01, 0x00, 0x00, 0x00, 0x00, 0x00, 0x00, 0x5e, 0x04, 0x38, 0x94, 0x00, 0x00, 0x64, 0x24, 0x00,
    0x00, 0x1c, 0x00, 0x56, 0x01, 0x5e, 0x04, 0x2c, 0x1a, 0x00, 0x00, 0x00, 0x00, 0x00, 0x00, 0x00,
    0x00, 0x00, 0x00, 0x65, 0x19, 0x00, 0x00, 0x1c, 0x00, 0x5c, 0x29, 0x00, 0x00, 0x00, 0x00, 0x00,
    0x00, 0x00, 0x00, 0x56, 0x01, 0x5e, 0x04, 0x2c, 0x1a, 0x00, 0x00, 0x00, 0x00, 0x00, 0x00, 0x00,
    0x00, 0x00, 0x00, 0x34, 0x01, 0x00, 0x00, 0x00, 0x00, 0x00, 0x00, 0x27, 0x00, 0x00, 0x00, 0x00,
    0x00, 0x00, 0x00, 0x64, 0x34, 0x00, 0x00, 0x1c, 0x00, 0x5c, 0x17, 0x00, 0x00, 0x00, 0x00, 0x00,
    0x00, 0x00, 0x00, 0x56, 0x01, 0x34, 0x01, 0x00, 0x00, 0x00, 0x00, 0x00, 0x00, 0x5e, 0x05, 0x38,
    0x94, 0x00, 0x00, 0x64, 0x4c, 0x00, 0x00, 0x1c, 0x00, 0x56, 0x01, 0x5e, 0x05, 0x2c, 0x1a, 0x00,
    0x00, 0x00, 0x00, 0x00, 0x00, 0x00, 0x00, 0x00, 0x00, 0x65, 0x41, 0x00, 0x00, 0x1c, 0x00, 0x5c,
    0x29, 0x00, 0x00, 0x00, 0x00, 0x00, 0x00, 0x00, 0x00, 0x56, 0x01, 0x5e, 0x05, 0x2c, 0x1a, 0x00,
    0x00, 0x00, 0x00, 0x00, 0x00, 0x00, 0x00, 0x00, 0x00, 0x34, 0x01, 0x00, 0x00, 0x00, 0x00, 0x00,
    0x00, 0x27, 0x00, 0x00, 0x00, 0x00, 0x00, 0x00, 0x00, 0x67, 0x29, 0x00, 0x00, 0x1c, 0x00, 0x5c,
    0x23, 0x00, 0x00, 0x00, 0x00, 0x00, 0x00, 0x00, 0x00, 0x52, 0x08, 0x56, 0x06, 0x50, 0x24, 0x00,
    0x00, 0x00, 0x00, 0x00, 0x00, 0x00, 0x00, 0x00, 0x00, 0x00, 0x00, 0x00, 0x00, 0x00, 0x00, 0x00,
    0x00, 0x3a, 0x01, 0x0c, 0x00, 0x52, 0x06, 0x56, 0x06, 0x50, 0x26, 0x00, 0x00, 0x00, 0x00, 0x00,
    0x00, 0x00, 0x00, 0x00, 0x00, 0x00, 0x00, 0x00, 0x00, 0x00, 0x00, 0x00, 0x00, 0x3a, 0x01, 0x0c,
    0x00, 0x52, 0x09, 0x32, 0x05, 0x34, 0x01, 0x00, 0x00, 0x00, 0x00, 0x00, 0x00, 0x68, 0x01, 0x5c,
    0x17, 0x00, 0x00, 0x00, 0x00, 0x00, 0x00, 0x00, 0x00, 0x56, 0x01, 0x34, 0x01, 0x00, 0x00, 0x00,
    0x00, 0x00, 0x00, 0x5e, 0x07, 0x38, 0x12, 0x00, 0x00, 0x67, 0x0c, 0x00, 0x00, 0x1c, 0x00, 0x56,
    0x01, 0x5e, 0x06, 0x2c, 0x1a, 0x00, 0x00, 0x00, 0x00, 0x00, 0x00, 0x00, 0x00, 0x00, 0x00, 0x66,
    0x4a, 0x00, 0x00, 0x1c, 0x00, 0x56, 0x01, 0x52, 0x0a, 0x5e, 0x06, 0x5c, 0x17, 0x00, 0x00, 0x00,
    0x00, 0x00, 0x00, 0x00, 0x00, 0x56, 0x01, 0x34, 0x01, 0x00, 0x00, 0x00, 0x00, 0x00, 0x00, 0x2c,
    0x0a, 0x00, 0x00, 0x00, 0x00, 0x00, 0x00, 0x00, 0x00, 0x00, 0x00, 0x2c, 0x05, 0x00, 0x00, 0x00,
    0x00, 0x00, 0x00, 0x00, 0x00, 0x00, 0x00, 0x56, 0x06, 0x50, 0x24, 0x00, 0x00, 0x00, 0x00, 0x00,
    0x00, 0x00, 0x00, 0x00, 0x00, 0x00, 0x00, 0x00, 0x00, 0x00, 0x00, 0x00, 0x00, 0x50, 0x2b, 0x00,
    0x00, 0x00, 0x00, 0x00, 0x00, 0x00, 0x00, 0x00, 0x00, 0x00, 0x00, 0x00, 0x00, 0x00, 0x00, 0x00,
    0x00, 0x52, 0x00, 0x5e, 0x01, 0x34, 0x02, 0x00, 0x00, 0x00, 0x00, 0x00, 0x00, 0x5e, 0x01, 0x2c,
    0x1a, 0x00, 0x00, 0x00, 0x00, 0x00, 0x00, 0x00, 0x00, 0x00, 0x00, 0x33, 0x01, 0x2c, 0x00, 0x00,
    0x00, 0x00, 0x00, 0x00, 0x00, 0x00, 0x00, 0x00, 0x00, 0x2c, 0x0d, 0x00, 0x00, 0x00, 0x00, 0x00,
    0x00, 0x00, 0x00, 0x00, 0x00, 0x70, 0x01, 0x5c, 0x1e, 0x00, 0x00, 0x00, 0x00, 0x00, 0x00, 0x00,
    0x00, 0x50, 0x20, 0x00, 0x00, 0x00, 0x00, 0x00, 0x00, 0x00, 0x00, 0x00, 0x00, 0x00, 0x00, 0x00,
    0x00, 0x00, 0x00, 0x00, 0x00, 0x21, 0x00, 0x56, 0x01, 0x21, 0x00, 0x04, 0x00, 0x70, 0x01, 0x5c,
    0x17, 0x00, 0x00, 0x00, 0x00, 0x00, 0x00, 0x00, 0x00, 0x5c, 0x00, 0x00, 0x00, 0x00, 0x00, 0x00,
    0x00, 0x00, 0x00, 0x34, 0x01, 0x00, 0x00, 0x00, 0x00, 0x00, 0x00, 0x5c, 0x18, 0x00, 0x00, 0x00,
    0x00, 0x00, 0x00, 0x00, 0x00, 0x38, 0xbc, 0x00, 0x00, 0x64, 0x15, 0x00, 0x00, 0x1c, 0x00, 0x5c,
    0x00, 0x00, 0x00, 0x00, 0x00, 0x00, 0x00, 0x00, 0x00, 0x50, 0x1b, 0x00, 0x00, 0x00, 0x00, 0x00,
    0x00, 0x00, 0x00, 0x00, 0x00, 0x00, 0x00, 0x00, 0x00, 0x00, 0x00, 0x00, 0x00, 0x34, 0x00, 0x00,
    0x00, 0x00, 0x00, 0x00, 0x00, 0x1f, 0x00, 0x56, 0x01, 0x5c, 0x00, 0x00, 0x00, 0x00, 0x00, 0x00,
    0x00, 0x00, 0x00, 0x56, 0x00, 0x26, 0x00, 0x00, 0x00, 0x1b, 0x00, 0x56, 0x06, 0x50, 0x2d, 0x00,
    0x00, 0x00, 0x00, 0x00, 0x00, 0x00, 0x00, 0x00, 0x00, 0x00, 0x00, 0x00, 0x00, 0x00, 0x00, 0x00,
    0x00, 0x34, 0x00, 0x00, 0x00, 0x00, 0x00, 0x00, 0x00, 0x70, 0x08, 0x56, 0x08, 0x10, 0x00, 0x46,
    0x19, 0x00, 0x00, 0x70, 0x09, 0x56, 0x09, 0x5c, 0x08, 0x00, 0x00, 0x00, 0x00, 0x00, 0x00, 0x00,
    0x00, 0x39, 0x01, 0x00, 0x00, 0x67, 0x03, 0x00, 0x00, 0x1c, 0x00, 0x4b, 0x10, 0x00, 0x00, 0x58,
    0x05, 0x5c, 0x08, 0x00, 0x00, 0x00, 0x00, 0x00, 0x00, 0x00, 0x00, 0x56, 0x09, 0x26, 0x00, 0x00,
    0x00, 0x4b, 0x1b, 0x00, 0x00, 0x09, 0x00, 0x1e, 0x00, 0x56, 0x01, 0x23, 0x00, 0x20, 0x00, 0x5c,
    0x10, 0x00, 0x00, 0x00, 0x00, 0x00, 0x00, 0x00, 0x00, 0x06, 0x00, 0x64, 0x06, 0x00, 0x00, 0x1c,
    0x00, 0x1f, 0x00, 0x1d, 0x00, 0x45, 0x02, 0x4b, 0xd8, 0x00, 0x00, 0x69, 0x00, 0x3b, 0x03, 0x1d,
    0x00, 0x69, 0x01, 0x20, 0x00, 0x5c, 0x14, 0x00, 0x00, 0x00, 0x00, 0x00, 0x00, 0x00, 0x00, 0x06,
    0x00, 0x64, 0x07, 0x00, 0x00, 0x1c, 0x00, 0x1f, 0x00, 0x52, 0x02, 0x70, 0x06, 0x1d, 0x00, 0x45,
    0x02, 0x4c, 0xab, 0x69, 0x00, 0x3b, 0x03, 0x1d, 0x00, 0x69, 0x01, 0x20, 0x00, 0x5c, 0x14, 0x00,
    0x00, 0x00, 0x00, 0x00, 0x00, 0x00, 0x00, 0x06, 0x00, 0x64, 0x05, 0x00, 0x00, 0x1c, 0x00, 0x1f,
    0x00, 0x1d, 0x00, 0x54, 0x01, 0x23, 0x00, 0x69, 0x00, 0x3b, 0x03, 0x1d, 0x00, 0x69, 0x01, 0x29,
    0x0b, 0x72, 0x10, 0x00, 0x00, 0x00, 0x72, 0x11, 0x00, 0x00, 0x00, 0x4e, 0x7a, 0x0a, 0x65, 0x6e,
    0x63, 0x6f, 0x64, 0x69, 0x6e, 0x67, 0x73, 0x2e, 0x29, 0x02, 0xda, 0x08, 0x66, 0x72, 0x6f, 0x6d,
    0x6c, 0x69, 0x73, 0x74, 0xda, 0x05, 0x6c, 0x65, 0x76, 0x65, 0x6c, 0x7a, 0x08, 0x6d, 0x6f, 0x64,
    0x75, 0x6c, 0x65, 0x20, 0x22, 0x7a, 0x03, 0x22, 0x20, 0x28, 0x7a, 0x14, 0x29, 0x20, 0x66, 0x61,
    0x69, 0x6c, 0x65, 0x64, 0x20, 0x74, 0x6f, 0x20, 0x72, 0x65, 0x67, 0x69, 0x73, 0x74, 0x65, 0x72,
    0x7a, 0x1f, 0x69, 0x6e, 0x63, 0x6f, 0x6d, 0x70, 0x61, 0x74, 0x69, 0x62, 0x6c, 0x65, 0x20, 0x63,
    0x6f, 0x64, 0x65, 0x63, 0x73, 0x20, 0x69, 0x6e, 0x20, 0x6d, 0x6f, 0x64, 0x75, 0x6c, 0x65, 0x20,
    0x22, 0xda, 0x01, 0x29, 0x29, 0x01, 0x4e, 0x29, 0x17, 0xda, 0x06, 0x5f, 0x63, 0x61, 0x63, 0x68,
    0x65, 0xda, 0x03, 0x67, 0x65, 0x74, 0xda, 0x08, 0x5f, 0x75, 0x6e, 0x6b, 0x6e, 0x6f, 0x77, 0x6e,
    0x72, 0x1e, 0x00, 0x00, 0x00, 0xda, 0x08, 0x5f, 0x61, 0x6c, 0x69, 0x61, 0x73, 0x65, 0x73, 0xda,
    0x07, 0x72, 0x65, 0x70, 0x6c, 0x61, 0x63, 0x65, 0xda, 0x0a, 0x5f, 0x5f, 0x69, 0x6d, 0x70, 0x6f,
    0x72, 0x74, 0x5f, 0x5f, 0xda, 0x0c, 0x5f, 0x69, 0x6d, 0x70, 0x6f, 0x72, 0x74, 0x5f, 0x74, 0x61,
    0x69, 0x6c, 0xda, 0x0b, 0x49, 0x6d, 0x70, 0x6f, 0x72, 0x74, 0x45, 0x72, 0x72, 0x6f, 0x72, 0xda,
    0x0b, 0x67, 0x65, 0x74, 0x72, 0x65, 0x67, 0x65, 0x6e, 0x74, 0x72, 0x79, 0xda, 0x0e, 0x41, 0x74,
    0x74, 0x72, 0x69, 0x62, 0x75, 0x74, 0x65, 0x45, 0x72, 0x72, 0x6f, 0x72, 0xda, 0x03, 0x6c, 0x65,
    0x6e, 0xda, 0x09, 0x5f, 0x4d, 0x41, 0x58, 0x43, 0x41, 0x43, 0x48, 0x45, 0xda, 0x05, 0x63, 0x6c,
    0x65, 0x61, 0x72, 0x72, 0x13, 0x00, 0x00, 0x00, 0xda, 0x06, 0x63, 0x6f, 0x64, 0x65, 0x63, 0x73,
    0xda, 0x09, 0x43, 0x6f, 0x64, 0x65, 0x63, 0x49, 0x6e, 0x66, 0x6f, 0x72, 0x05, 0x00, 0x00, 0x00,
    0x72, 0x07, 0x00, 0x00, 0x00, 0xda, 0x08, 0x5f, 0x5f, 0x66, 0x69, 0x6c, 0x65, 0x5f, 0x5f, 0xda,
    0x08, 0x63, 0x61, 0x6c, 0x6c, 0x61, 0x62, 0x6c, 0x65, 0xda, 0x05, 0x73, 0x70, 0x6c, 0x69, 0x74,
    0xda, 0x0a, 0x67, 0x65, 0x74, 0x61, 0x6c, 0x69, 0x61, 0x73, 0x65, 0x73, 0x29, 0x0a, 0x72, 0x1a,
    0x00, 0x00, 0x00, 0xda, 0x05, 0x65, 0x6e, 0x74, 0x72, 0x79, 0xda, 0x0d, 0x6e, 0x6f, 0x72, 0x6d,
    0x5f, 0x65, 0x6e, 0x63, 0x6f, 0x64, 0x69, 0x6e, 0x67, 0xda, 0x10, 0x61, 0x6c, 0x69, 0x61, 0x73,
    0x65, 0x64, 0x5f, 0x65, 0x6e, 0x63, 0x6f, 0x64, 0x69, 0x6e, 0x67, 0xda, 0x08, 0x6d, 0x6f, 0x64,
    0x6e, 0x61, 0x6d, 0x65, 0x73, 0xda, 0x07, 0x6d, 0x6f, 0x64, 0x6e, 0x61, 0x6d, 0x65, 0xda, 0x03,
    0x6d, 0x6f, 0x64, 0x72, 0x2b, 0x00, 0x00, 0x00, 0xda, 0x0c, 0x63, 0x6f, 0x64, 0x65, 0x63, 0x61,
    0x6c, 0x69, 0x61, 0x73, 0x65, 0x73, 0xda, 0x05, 0x61, 0x6c, 0x69, 0x61, 0x73, 0x73, 0x0a, 0x00,
    0x00, 0x00, 0x26, 0x20, 0x20, 0x20, 0x20, 0x20, 0x20, 0x20, 0x20, 0x20, 0x72, 0x0d, 0x00, 0x00,
    0x00, 0xda, 0x0f, 0x73, 0x65, 0x61, 0x72, 0x63, 0x68, 0x5f, 0x66, 0x75, 0x6e, 0x63, 0x74, 0x69,
    0x6f, 0x6e, 0x72, 0x3e, 0x00, 0x00, 0x00, 0x48, 0x00, 0x00, 0x00, 0x73, 0xed, 0x02, 0x00, 0x00,
    0x80, 0x00, 0xf4, 0x06, 0x00, 0x0d, 0x13, 0x8f, 0x4a, 0x89, 0x4a, 0x90, 0x78, 0xa4, 0x18, 0xd3,
    0x0c, 0x2a, 0x80, 0x45, 0xd8, 0x07, 0x0c, 0x94, 0x48, 0xd3, 0x07, 0x1c, 0xd8, 0x0f, 0x14, 0x88,
    0x0c, 0xf4, 0x12, 0x00, 0x15, 0x27, 0xa0, 0x78, 0xd3, 0x14, 0x30, 0x80, 0x4d, 0xdc, 0x17, 0x1f,
    0x97, 0x7c, 0x91, 0x7c, 0xa0, 0x4d, 0xd3, 0x17, 0x32, 0xf7, 0x00, 0x01, 0x18, 0x45, 0x01, 0xf0,
    0x00, 0x01, 0x18, 0x45, 0x01, 0xdc, 0x17, 0x1f, 0x97, 0x7c, 0x91, 0x7c, 0xa0, 0x4d, 0xd7, 0x24,
    0x39, 0xd1, 0x24, 0x39, 0xb8, 0x23, 0xb8, 0x73, 0xd3, 0x24, 0x43, 0xd3, 0x17, 0x44, 0xf0, 0x03,
    0x00, 0x05, 0x15, 0xe0, 0x07, 0x17, 0xd2, 0x07, 0x23, 0xd8, 0x14, 0x24, 0xd8, 0x14, 0x21, 0xf0,
    0x03, 0x01, 0x14, 0x23, 0x89, 0x08, 0xf0, 0x06, 0x00, 0x15, 0x22, 0x90, 0x3f, 0x88, 0x08, 0xdb,
    0x13, 0x1b, 0x88, 0x07, 0xdf, 0x0f, 0x16, 0x98, 0x23, 0xa0, 0x17, 0x9c, 0x2e, 0xd9, 0x0c, 0x14,
    0xf0, 0x02, 0x0a, 0x09, 0x12, 0xf4, 0x06, 0x00, 0x13, 0x1d, 0x98, 0x5c, 0xa8, 0x47, 0xd5, 0x1d,
    0x33, 0xbc, 0x6c, 0xd8, 0x23, 0x24, 0xf4, 0x03, 0x01, 0x13, 0x26, 0x88, 0x43, 0xf1, 0x0e, 0x00,
    0x0d, 0x12, 0xf1, 0x1b, 0x00, 0x14, 0x1c, 0xf0, 0x1e, 0x00, 0x0f, 0x13, 0x88, 0x03, 0xf0, 0x04,
    0x04, 0x05, 0x13, 0xd8, 0x16, 0x19, 0x97, 0x6f, 0x91, 0x6f, 0x88, 0x0b, 0xf0, 0x0a, 0x00, 0x08,
    0x0b, 0x82, 0x7b, 0xe4, 0x0b, 0x0e, 0x8c, 0x76, 0x8b, 0x3b, 0x9c, 0x29, 0xd4, 0x0b, 0x23, 0xdc,
    0x0c, 0x12, 0x8f, 0x4c, 0x89, 0x4c, 0x8c, 0x4e, 0xd8, 0x1b, 0x1f, 0x8c, 0x06, 0x88, 0x78, 0xd1,
    0x08, 0x18, 0xd9, 0x0f, 0x13, 0xf1, 0x06, 0x00, 0x0d, 0x18, 0x8b, 0x4d, 0x80, 0x45, 0xdc, 0x0b,
    0x15, 0x90, 0x65, 0x9c, 0x56, 0xd7, 0x1d, 0x2d, 0xd1, 0x1d, 0x2d, 0xd7, 0x0b, 0x2e, 0xd3, 0x0b,
    0x2e, 0xd8, 0x0f, 0x10, 0x94, 0x43, 0x98, 0x05, 0x93, 0x4a, 0xd6, 0x0f, 0x23, 0xa0, 0x21, 0xd6,
    0x0f, 0x23, 0xdd, 0x12, 0x24, 0xd8, 0x28, 0x2b, 0xaf, 0x0c, 0xac, 0x0c, 0xb0, 0x63, 0xb7, 0x6c,
    0xb4, 0x6c, 0xf0, 0x03, 0x01, 0x26, 0x44, 0x01, 0xf3, 0x00, 0x01, 0x13, 0x45, 0x01, 0xf0, 0x00,
    0x01, 0x0d, 0x45, 0x01, 0xe4, 0x0f, 0x17, 0x98, 0x05, 0x98, 0x61, 0x9d, 0x08, 0xd7, 0x0f, 0x21,
    0xd2, 0x0f, 0x21, 0xac, 0x18, 0xb0, 0x25, 0xb8, 0x01, 0xb5, 0x28, 0xd7, 0x29, 0x3b, 0xd2, 0x29,
    0x3b, 0xd8, 0x0c, 0x11, 0x90, 0x21, 0x8d, 0x48, 0xd2, 0x0c, 0x20, 0xac, 0x18, 0xb0, 0x25, 0xb8,
    0x01, 0xb5, 0x28, 0xd7, 0x29, 0x3b, 0xd2, 0x29, 0x3b, 0xd8, 0x0c, 0x11, 0x90, 0x21, 0x8d, 0x48,
    0xd2, 0x0c, 0x20, 0xac, 0x18, 0xb0, 0x25, 0xb8, 0x01, 0xb5, 0x28, 0xd7, 0x29, 0x3b, 0xd2, 0x29,
    0x3b, 0xdc, 0x0c, 0x0f, 0x90, 0x05, 0x8b, 0x4a, 0x98, 0x11, 0x8c, 0x4e, 0x98, 0x75, 0xa0, 0x51,
    0x9d, 0x78, 0xd2, 0x1f, 0x33, 0xbc, 0x48, 0xc0, 0x55, 0xc8, 0x31, 0xc5, 0x58, 0xd7, 0x3c, 0x4e,
    0xd2, 0x3c, 0x4e, 0xdc, 0x0c, 0x0f, 0x90, 0x05, 0x8b, 0x4a, 0x98, 0x11, 0x8c, 0x4e, 0x98, 0x75,
    0xa0, 0x51, 0x9d, 0x78, 0xd2, 0x1f, 0x33, 0xbc, 0x48, 0xc0, 0x55, 0xc8, 0x31, 0xc5, 0x58, 0xd7,
    0x3c, 0x4e, 0xd2, 0x3c, 0x4e, 0xdd, 0x12, 0x24, 0xd8, 0x28, 0x2b, 0xaf, 0x0c, 0xac, 0x0c, 0xb0,
    0x63, 0xb7, 0x6c, 0xb4, 0x6c, 0xf0, 0x03, 0x01, 0x26, 0x44, 0x01, 0xf3, 0x00, 0x01, 0x13, 0x45,
    0x01, 0xf0, 0x00, 0x01, 0x0d, 0x45, 0x01, 0xe4, 0x0b, 0x0e, 0x88, 0x75, 0x8b, 0x3a, 0x90, 0x61,
    0x8c, 0x3c, 0x98, 0x35, 0xa0, 0x11, 0x9d, 0x38, 0xd2, 0x1b, 0x2b, 0xd8, 0x0c, 0x11, 0x90, 0x57,
    0x98, 0x61, 0xa4, 0x03, 0xa0, 0x45, 0xa3, 0x0a, 0x9d, 0x6c, 0xd5, 0x15, 0x2b, 0xa8, 0x73, 0xaf,
    0x7c, 0xa9, 0x7c, 0xd7, 0x2f, 0x41, 0xd1, 0x2f, 0x41, 0xc0, 0x23, 0xc0, 0x71, 0xd3, 0x2f, 0x49,
    0xc8, 0x21, 0xd5, 0x2f, 0x4c, 0xd0, 0x2e, 0x4e, 0xd5, 0x15, 0x4e, 0xd5, 0x0c, 0x4e, 0x88, 0x45,
    0xdc, 0x10, 0x16, 0xd7, 0x10, 0x20, 0xd2, 0x10, 0x20, 0xa0, 0x25, 0xd1, 0x10, 0x28, 0x88, 0x05,
    0xf4, 0x06, 0x00, 0x08, 0x0b, 0x8c, 0x36, 0x83, 0x7b, 0x94, 0x69, 0xd4, 0x07, 0x1f, 0xdc, 0x08,
    0x0e, 0x8f, 0x0c, 0x89, 0x0c, 0x8c, 0x0e, 0xd8, 0x17, 0x1c, 0x84, 0x46, 0x88, 0x38, 0xd1, 0x04,
    0x14, 0xf0, 0x08, 0x07, 0x05, 0x2a, 0xd8, 0x17, 0x1a, 0x97, 0x7e, 0x91, 0x7e, 0xd3, 0x17, 0x27,
    0x88, 0x0c, 0xf3, 0x08, 0x00, 0x16, 0x22, 0x88, 0x45, 0xd8, 0x0f, 0x14, 0x9c, 0x48, 0xd6, 0x0f,
    0x24, 0xd8, 0x22, 0x29, 0x94, 0x08, 0x98, 0x15, 0x93, 0x0f, 0xf1, 0x05, 0x00, 0x16, 0x22, 0xf0,
    0x0a, 0x00, 0x0c, 0x11, 0x80, 0x4c, 0xf8, 0xf4, 0x71, 0x01, 0x00, 0x10, 0x1b, 0xf4, 0x00, 0x03,
    0x09, 0x11, 0xf3, 0x06, 0x00, 0x0d, 0x11, 0xf0, 0x07, 0x03, 0x09, 0x11, 0xfb, 0xf4, 0x16, 0x00,
    0x0c, 0x1a, 0xf4, 0x00, 0x02, 0x05, 0x13, 0xe0, 0x0e, 0x12, 0x8b, 0x03, 0xf0, 0x05, 0x02, 0x05,
    0x13, 0xfb, 0xf4, 0x4a, 0x01, 0x00, 0x0c, 0x1a, 0xf4, 0x00, 0x01, 0x05, 0x0d, 0xd8, 0x08, 0x0c,
    0xf0, 0x0e, 0x00, 0x0c, 0x11, 0x80, 0x4c, 0xf0, 0x11, 0x01, 0x05, 0x0d, 0xfa, 0x73, 0x36, 0x00,
    0x00, 0x00, 0xc2, 0x17, 0x19, 0x4d, 0x0b, 0x02, 0xc2, 0x37, 0x0c, 0x4d, 0x1e, 0x00, 0xcc, 0x1a,
    0x10, 0x4d, 0x32, 0x00, 0xcd, 0x0b, 0x0b, 0x4d, 0x1b, 0x05, 0xcd, 0x1a, 0x01, 0x4d, 0x1b, 0x05,
    0xcd, 0x1e, 0x0d, 0x4d, 0x2f, 0x03, 0xcd, 0x2e, 0x01, 0x4d, 0x2f, 0x03, 0xcd, 0x32, 0x0b, 0x4e,
    0x01, 0x03, 0xce, 0x00, 0x01, 0x4e, 0x01, 0x03, 0xda, 0x05, 0x77, 0x69, 0x6e, 0x33, 0x32, 0x29,
    0x01, 0xda, 0x1c, 0x63, 0x72, 0x65, 0x61, 0x74, 0x65, 0x5f, 0x77, 0x69, 0x6e, 0x33, 0x32, 0x5f,
    0x63, 0x6f, 0x64, 0x65, 0x5f, 0x70, 0x61, 0x67, 0x65, 0x5f, 0x63, 0x6f, 0x64, 0x65, 0x63, 0x63,
    0x01, 0x00, 0x00, 0x00, 0x00, 0x00, 0x00, 0x00, 0x00, 0x00, 0x00, 0x00, 0x04, 0x00, 0x00, 0x00,
    0x03, 0x00, 0x00, 0x00, 0xf3, 0x14, 0x01, 0x00, 0x00, 0x80, 0x00, 0x56, 0x00, 0x50, 0x01, 0x00,
    0x00, 0x00, 0x00, 0x00, 0x00, 0x00, 0x00, 0x00, 0x00, 0x00, 0x00, 0x00, 0x00, 0x00, 0x00, 0x00,
    0x00, 0x34, 0x00, 0x00, 0x00, 0x00, 0x00, 0x00, 0x00, 0x70, 0x00, 0x56, 0x00, 0x50, 0x03, 0x00,
    0x00, 0x00, 0x00, 0x00, 0x00, 0x00, 0x00, 0x00, 0x00, 0x00, 0x00, 0x00, 0x00, 0x00, 0x00, 0x00,
    0x00, 0x52, 0x00, 0x34, 0x01, 0x00, 0x00, 0x00, 0x00, 0x00, 0x00, 0x27, 0x00, 0x00, 0x00, 0x00,
    0x00, 0x00, 0x00, 0x67, 0x03, 0x00, 0x00, 0x1c, 0x00, 0x52, 0x01, 0x23, 0x00, 0x1b, 0x00, 0x5c,
    0x05, 0x00, 0x00, 0x00, 0x00, 0x00, 0x00, 0x00, 0x00, 0x56, 0x00, 0x52, 0x02, 0x2c, 0x1a, 0x00,
    0x00, 0x00, 0x00, 0x00, 0x00, 0x00, 0x00, 0x00, 0x00, 0x34, 0x01, 0x00, 0x00, 0x00, 0x00, 0x00,
    0x00, 0x70, 0x01, 0x1b, 0x00, 0x5c, 0x08, 0x00, 0x00, 0x00, 0x00, 0x00, 0x00, 0x00, 0x00, 0x50,
    0x0a, 0x00, 0x00, 0x00, 0x00, 0x00, 0x00, 0x00, 0x00, 0x00, 0x00, 0x00, 0x00, 0x00, 0x00, 0x00,
    0x00, 0x00, 0x00, 0x21, 0x00, 0x54, 0x01, 0x52, 0x03, 0x34, 0x02, 0x00, 0x00, 0x00, 0x00, 0x00,
    0x00, 0x1f, 0x00, 0x5c, 0x11, 0x00, 0x00, 0x00, 0x00, 0x00, 0x00, 0x00, 0x00, 0x54, 0x01, 0x34,
    0x01, 0x00, 0x00, 0x00, 0x00, 0x00, 0x00, 0x23, 0x00, 0x20, 0x00, 0x5c, 0x06, 0x00, 0x00, 0x00,
    0x00, 0x00, 0x00, 0x00, 0x00, 0x06, 0x00, 0x64, 0x05, 0x00, 0x00, 0x1c, 0x00, 0x1f, 0x00, 0x1d,
    0x00, 0x52, 0x01, 0x23, 0x00, 0x69, 0x00, 0x3b, 0x03, 0x1d, 0x00, 0x69, 0x01, 0x20, 0x00, 0x5c,
    0x0c, 0x00, 0x00, 0x00, 0x00, 0x00, 0x00, 0x00, 0x00, 0x5c, 0x0e, 0x00, 0x00, 0x00, 0x00, 0x00,
    0x00, 0x00, 0x00, 0x33, 0x02, 0x06, 0x00, 0x64, 0x05, 0x00, 0x00, 0x1c, 0x00, 0x1f, 0x00, 0x1d,
    0x00, 0x52, 0x01, 0x23, 0x00, 0x69, 0x00, 0x3b, 0x03, 0x1d, 0x00, 0x69, 0x01, 0x29, 0x04, 0xda,
    0x02, 0x63, 0x70, 0x4e, 0x3a, 0xe9, 0x02, 0x00, 0x00, 0x00, 0x4e, 0x4e, 0xda, 0x01, 0x78, 0x29,
    0x09, 0xda, 0x05, 0x6c, 0x6f, 0x77, 0x65, 0x72, 0xda, 0x0a, 0x73, 0x74, 0x61, 0x72, 0x74, 0x73,
    0x77, 0x69, 0x74, 0x68, 0xda, 0x03, 0x69, 0x6e, 0x74, 0xda, 0x0a, 0x56, 0x61, 0x6c, 0x75, 0x65,
    0x45, 0x72, 0x72, 0x6f, 0x72, 0x72, 0x30, 0x00, 0x00, 0x00, 0xda, 0x10, 0x63, 0x6f, 0x64, 0x65,
    0x5f, 0x70, 0x61, 0x67, 0x65, 0x5f, 0x65, 0x6e, 0x63, 0x6f, 0x64, 0x65, 0xda, 0x0d, 0x4f, 0x76,
    0x65, 0x72, 0x66, 0x6c, 0x6f, 0x77, 0x45, 0x72, 0x72, 0x6f, 0x72, 0xda, 0x07, 0x4f, 0x53, 0x45,
    0x72, 0x72, 0x6f, 0x72, 0x72, 0x40, 0x00, 0x00, 0x00, 0x29, 0x02, 0x72, 0x1a, 0x00, 0x00, 0x00,
    0x72, 0x42, 0x00, 0x00, 0x00, 0x73, 0x02, 0x00, 0x00, 0x00, 0x26, 0x20, 0x72, 0x0d, 0x00, 0x00,
    0x00, 0xda, 0x1f, 0x77, 0x69, 0x6e, 0x33, 0x32, 0x5f, 0x63, 0x6f, 0x64, 0x65, 0x5f, 0x70, 0x61,
    0x67, 0x65, 0x5f, 0x73, 0x65, 0x61, 0x72, 0x63, 0x68, 0x5f, 0x66, 0x75, 0x6e, 0x63, 0x74, 0x69,
    0x6f, 0x6e, 0x72, 0x4c, 0x00, 0x00, 0x00, 0xa6, 0x00, 0x00, 0x00, 0x73, 0x83, 0x00, 0x00, 0x00,
    0x80, 0x00, 0xd8, 0x13, 0x1b, 0x97, 0x3e, 0x91, 0x3e, 0xd3, 0x13, 0x23, 0x88, 0x08, 0xd8, 0x0f,
    0x17, 0xd7, 0x0f, 0x22, 0xd1, 0x0f, 0x22, 0xa0, 0x34, 0xd7, 0x0f, 0x28, 0xd2, 0x0f, 0x28, 0xd9,
    0x13, 0x17, 0xf0, 0x02, 0x03, 0x09, 0x18, 0xdc, 0x11, 0x14, 0x90, 0x58, 0x98, 0x62, 0x95, 0x5c,
    0xd3, 0x11, 0x22, 0x88, 0x42, 0xf0, 0x08, 0x03, 0x09, 0x18, 0xdc, 0x0c, 0x12, 0xd7, 0x0c, 0x23,
    0xd2, 0x0c, 0x23, 0xa0, 0x42, 0xa8, 0x03, 0xd4, 0x0c, 0x2c, 0xf4, 0x08, 0x00, 0x10, 0x2c, 0xa8,
    0x42, 0xd3, 0x0f, 0x2f, 0xd0, 0x08, 0x2f, 0xf8, 0xf4, 0x11, 0x00, 0x10, 0x1a, 0xf4, 0x00, 0x01,
    0x09, 0x18, 0xda, 0x13, 0x17, 0xf0, 0x03, 0x01, 0x09, 0x18, 0xfb, 0xf4, 0x0a, 0x00, 0x11, 0x1e,
    0x9c, 0x77, 0xd0, 0x0f, 0x27, 0xf4, 0x00, 0x01, 0x09, 0x18, 0xda, 0x13, 0x17, 0xf0, 0x03, 0x01,
    0x09, 0x18, 0xfa, 0x73, 0x22, 0x00, 0x00, 0x00, 0xab, 0x12, 0x41, 0x20, 0x00, 0xbe, 0x17, 0x41,
    0x32, 0x00, 0xc1, 0x20, 0x0b, 0x41, 0x2f, 0x03, 0xc1, 0x2e, 0x01, 0x41, 0x2f, 0x03, 0xc1, 0x32,
    0x11, 0x42, 0x07, 0x03, 0xc2, 0x06, 0x01, 0x42, 0x07, 0x03, 0x29, 0x13, 0x72, 0x30, 0x00, 0x00,
    0x00, 0xda, 0x03, 0x73, 0x79, 0x73, 0x72, 0x12, 0x00, 0x00, 0x00, 0x72, 0x02, 0x00, 0x00, 0x00,
    0x72, 0x23, 0x00, 0x00, 0x00, 0x72, 0x2e, 0x00, 0x00, 0x00, 0x72, 0x25, 0x00, 0x00, 0x00, 0x72,
    0x29, 0x00, 0x00, 0x00, 0x72, 0x26, 0x00, 0x00, 0x00, 0xda, 0x0b, 0x4c, 0x6f, 0x6f, 0x6b, 0x75,
    0x70, 0x45, 0x72, 0x72, 0x6f, 0x72, 0xda, 0x0b, 0x53, 0x79, 0x73, 0x74, 0x65, 0x6d, 0x45, 0x72,
    0x72, 0x6f, 0x72, 0x72, 0x05, 0x00, 0x00, 0x00, 0x72, 0x1e, 0x00, 0x00, 0x00, 0x72, 0x3e, 0x00,
    0x00, 0x00, 0xda, 0x08, 0x72, 0x65, 0x67, 0x69, 0x73, 0x74, 0x65, 0x72, 0xda, 0x08, 0x70, 0x6c,
    0x61, 0x74, 0x66, 0x6f, 0x72, 0x6d, 0xda, 0x0e, 0x5f, 0x77, 0x69, 0x6e, 0x5f, 0x63, 0x70, 0x5f,
    0x63, 0x6f, 0x64, 0x65, 0x63, 0x73, 0x72, 0x40, 0x00, 0x00, 0x00, 0x72, 0x4c, 0x00, 0x00, 0x00,
    0x72, 0x06, 0x00, 0x00, 0x00, 0x72, 0x0c, 0x00, 0x00, 0x00, 0x72, 0x0d, 0x00, 0x00, 0x00, 0xda,
    0x08, 0x3c, 0x6d, 0x6f, 0x64, 0x75, 0x6c, 0x65, 0x3e, 0x72, 0x53, 0x00, 0x00, 0x00, 0x01, 0x00,
    0x00, 0x00, 0x73, 0x7f, 0x00, 0x00, 0x00, 0xf0, 0x03, 0x01, 0x01, 0x01, 0xf3, 0x3e, 0x00, 0x01,
    0x0e, 0xdb, 0x00, 0x0a, 0xdd, 0x00, 0x15, 0xe0, 0x09, 0x0b, 0x80, 0x06, 0xd8, 0x0c, 0x0f, 0x80,
    0x09, 0xd8, 0x0b, 0x18, 0x80, 0x08, 0xd8, 0x10, 0x13, 0x88, 0x75, 0x80, 0x0c, 0xd8, 0x0b, 0x12,
    0x8f, 0x3f, 0x89, 0x3f, 0x80, 0x08, 0xf4, 0x04, 0x01, 0x01, 0x09, 0x98, 0x1b, 0xa0, 0x6b, 0xf4,
    0x00, 0x01, 0x01, 0x09, 0xf2, 0x06, 0x1a, 0x01, 0x1a, 0xf2, 0x38, 0x56, 0x01, 0x01, 0x11, 0xf0,
    0x72, 0x02, 0x00, 0x01, 0x07, 0x87, 0x0f, 0x82, 0x0f, 0x90, 0x0f, 0xd4, 0x00, 0x20, 0xe0, 0x03,
    0x06, 0x87, 0x3c, 0x81, 0x3c, 0x90, 0x37, 0xd4, 0x03, 0x1a, 0xdd, 0x04, 0x3c, 0xf2, 0x04, 0x0e,
    0x05, 0x30, 0xf0, 0x20, 0x00, 0x05, 0x0b, 0x87, 0x4f, 0x82, 0x4f, 0xd0, 0x14, 0x33, 0xd6, 0x04,
    0x34, 0xf1, 0x27, 0x00, 0x04, 0x1b, 0x72, 0x0c, 0x00, 0x00, 0x00,
};

static const unsigned char kFrozen1[] = {
    0x63, 0x00, 0x00, 0x00, 0x00, 0x00, 0x00, 0x00, 0x00, 0x00, 0x00, 0x00, 0x00, 0x04, 0x00, 0x00,
    0x00, 0x00, 0x00, 0x00, 0x00, 0xf3, 0x92, 0x0a, 0x00, 0x00, 0x80, 0x00, 0x2f, 0x00, 0x52, 0x00,
    0x52, 0x01, 0x62, 0x01, 0x52, 0x02, 0x52, 0x01, 0x62, 0x01, 0x52, 0x03, 0x52, 0x01, 0x62, 0x01,
    0x52, 0x04, 0x52, 0x01, 0x62, 0x01, 0x52, 0x05, 0x52, 0x01, 0x62, 0x01, 0x52, 0x06, 0x52, 0x01,
    0x62, 0x01, 0x52, 0x07, 0x52, 0x01, 0x62, 0x01, 0x52, 0x08, 0x52, 0x01, 0x62, 0x01, 0x52, 0x09,
    0x52, 0x01, 0x62, 0x01, 0x52, 0x0a, 0x52, 0x01, 0x62, 0x01, 0x52, 0x0b, 0x52, 0x01, 0x62, 0x01,
    0x52, 0x0c, 0x52, 0x01, 0x62, 0x01, 0x52, 0x0d, 0x52, 0x0e, 0x62, 0x01, 0x52, 0x0f, 0x52, 0x0e,
    0x62, 0x01, 0x52, 0x10, 0x52, 0x11, 0x62, 0x01, 0x52, 0x12, 0x52, 0x11, 0x62, 0x01, 0x52, 0x13,
    0x52, 0x14, 0x62, 0x01, 0x2f, 0x00, 0x52, 0x15, 0x52, 0x14, 0x62, 0x01, 0x52, 0x16, 0x52, 0x17,
    0x62, 0x01, 0x52, 0x18, 0x52, 0x19, 0x62, 0x01, 0x52, 0x1a, 0x52, 0x19, 0x62, 0x01, 0x52, 0x1b,
    0x52, 0x19, 0x62, 0x01, 0x52, 0x1c, 0x52, 0x19, 0x62, 0x01, 0x52, 0x1d, 0x52, 0x19, 0x62, 0x01,
    0x52, 0x1e, 0x52, 0x19, 0x62, 0x01, 0x52, 0x1f, 0x52, 0x19, 0x62, 0x01, 0x52, 0x20, 0x52, 0x19,
    0x62, 0x01, 0x52, 0x21, 0x52, 0x22, 0x62, 0x01, 0x52, 0x23, 0x52, 0x22, 0x62, 0x01, 0x52, 0x24,
    0x52, 0x22, 0x62, 0x01, 0x52, 0x25, 0x52, 0x26, 0x62, 0x01, 0x52, 0x27, 0x52, 0x26, 0x62, 0x01,
    0x52, 0x28, 0x52, 0x26, 0x62, 0x01, 0x52, 0x29, 0x52, 0x26, 0x62, 0x01, 0x43, 0x01, 0x2f, 0x00,
    0x52, 0x2a, 0x52, 0x2b, 0x62, 0x01, 0x52, 0x2c, 0x52, 0x2b, 0x62, 0x01, 0x52, 0x2d, 0x52, 0x2b,
    0x62, 0x01, 0x52, 0x2e, 0x52, 0x2b, 0x62, 0x01, 0x52, 0x2f, 0x52, 0x2b, 0x62, 0x01, 0x52, 0x30,
    0x52, 0x2b, 0x62, 0x01, 0x52, 0x31, 0x52, 0x32, 0x62, 0x01, 0x52, 0x33, 0x52, 0x32, 0x62, 0x01,
    0x52, 0x34, 0x52, 0x35, 0x62, 0x01, 0x52, 0x36, 0x52, 0x35, 0x62, 0x01, 0x52, 0x37, 0x52, 0x38,
    0x62, 0x01, 0x52, 0x39, 0x52, 0x38, 0x62, 0x01, 0x52, 0x3a, 0x52, 0x3b, 0x62, 0x01, 0x52, 0x3c,
    0x52, 0x3b, 0x62, 0x01, 0x52, 0x3d, 0x52, 0x3e, 0x62, 0x01, 0x52, 0x3f, 0x52, 0x3e, 0x62, 0x01,
    0x52, 0x40, 0x52, 0x41, 0x62, 0x01, 0x43, 0x01, 0x2f, 0x00, 0x52, 0x42, 0x52, 0x41, 0x62, 0x01,
    0x52, 0x43, 0x52, 0x44, 0x62, 0x01, 0x52, 0x45, 0x52, 0x44, 0x62, 0x01, 0x52, 0x46, 0x52, 0x47,
    0x62, 0x01, 0x52, 0x48, 0x52, 0x47, 0x62, 0x01, 0x52, 0x49, 0x52, 0x4a, 0x62, 0x01, 0x52, 0x4b,
    0x52, 0x4a, 0x62, 0x01, 0x52, 0x4c, 0x52, 0x4d, 0x62, 0x01, 0x52, 0x4e, 0x52, 0x4d, 0x62, 0x01,
    0x52, 0x4f, 0x52, 0x4d, 0x62, 0x01, 0x52, 0x50, 0x52, 0x51, 0x62, 0x01, 0x52, 0x52, 0x52, 0x51,
    0x62, 0x01, 0x52, 0x53, 0x52, 0x51, 0x62, 0x01, 0x52, 0x54, 0x52, 0x51, 0x62, 0x01, 0x52, 0x55,
    0x52, 0x56, 0x62, 0x01, 0x52, 0x57, 0x52, 0x56, 0x62, 0x01, 0x52, 0x58, 0x52, 0x56, 0x62, 0x01,
    0x43, 0x01, 0x2f, 0x00, 0x52, 0x59, 0x52, 0x5a, 0x62, 0x01, 0x52, 0x5b, 0x52, 0x5a, 0x62, 0x01,
    0x52, 0x5c, 0x52, 0x5a, 0x62, 0x01, 0x52, 0x5d, 0x52, 0x5a, 0x62, 0x01, 0x52, 0x5e, 0x52, 0x5a,
    0x62, 0x01, 0x52, 0x5f, 0x52, 0x60, 0x62, 0x01, 0x52, 0x61, 0x52, 0x60, 0x62, 0x01, 0x52, 0x62,
    0x52, 0x60, 0x62, 0x01, 0x52, 0x63, 0x52, 0x64, 0x62, 0x01, 0x52, 0x65, 0x52, 0x64, 0x62, 0x01,
    0x52, 0x66, 0x52, 0x64, 0x62, 0x01, 0x52, 0x67, 0x52, 0x68, 0x62, 0x01, 0x52, 0x69, 0x52, 0x68,
    0x62, 0x01, 0x52, 0x6a, 0x52, 0x68, 0x62, 0x01, 0x52, 0x6b, 0x52, 0x6c, 0x62, 0x01, 0x52, 0x6d,
    0x52, 0x6c, 0x62, 0x01, 0x52, 0x6e, 0x52, 0x6c, 0x62, 0x01, 0x43, 0x01, 0x2f, 0x00, 0x52, 0x6f,
    0x52, 0x70, 0x62, 0x01, 0x52, 0x71, 0x52, 0x70, 0x62, 0x01, 0x52, 0x72, 0x52, 0x70, 0x62, 0x01,
    0x52, 0x73, 0x52, 0x74, 0x62, 0x01, 0x52, 0x75, 0x52, 0x74, 0x62, 0x01, 0x52, 0x76, 0x52, 0x74,
    0x62, 0x01, 0x52, 0x77, 0x52, 0x74, 0x62, 0x01, 0x52, 0x78, 0x52, 0x74, 0x62, 0x01, 0x52, 0x79,
    0x52, 0x74, 0x62, 0x01, 0x52, 0x7a, 0x52, 0x74, 0x62, 0x01, 0x52, 0x7b, 0x52, 0x7c, 0x62, 0x01,
    0x52, 0x7d, 0x52, 0x7c, 0x62, 0x01, 0x52, 0x7e, 0x52, 0x7c, 0x62, 0x01, 0x52, 0x7f, 0x52, 0x80,
    0x62, 0x01, 0x52, 0x81, 0x52, 0x80, 0x62, 0x01, 0x52, 0x82, 0x52, 0x80, 0x62, 0x01, 0x52, 0x83,
    0x52, 0x80, 0x62, 0x01, 0x43, 0x01, 0x2f, 0x00, 0x52, 0x84, 0x52, 0x85, 0x62, 0x01, 0x52, 0x86,
    0x52, 0x85, 0x62, 0x01, 0x52, 0x87, 0x52, 0x85, 0x62, 0x01, 0x52, 0x88, 0x52, 0x89, 0x62, 0x01,
    0x52, 0x8a, 0x52, 0x89, 0x62, 0x01, 0x52, 0x8b, 0x52, 0x89, 0x62, 0x01, 0x52, 0x8c, 0x52, 0x8d,
    0x62, 0x01, 0x52, 0x8e, 0x52, 0x8d, 0x62, 0x01, 0x52, 0x8f, 0x52, 0x8d, 0x62, 0x01, 0x52, 0x90,
    0x52, 0x91, 0x62, 0x01, 0x52, 0x92, 0x52, 0x91, 0x62, 0x01, 0x52, 0x93, 0x52, 0x91, 0x62, 0x01,
    0x52, 0x94, 0x52, 0x95, 0x62, 0x01, 0x52, 0x96, 0x52, 0x95, 0x62, 0x01, 0x52, 0x97, 0x52, 0x95,
    0x62, 0x01, 0x52, 0x98, 0x52, 0x99, 0x62, 0x01, 0x52, 0x9a, 0x52, 0x99, 0x62, 0x01, 0x43, 0x01,
    0x2f, 0x00, 0x52, 0x9b, 0x52, 0x99, 0x62, 0x01, 0x52, 0x9c, 0x52, 0x99, 0x62, 0x01, 0x52, 0x9d,
    0x52, 0x9e, 0x62, 0x01, 0x52, 0x9f, 0x52, 0x9e, 0x62, 0x01, 0x52, 0xa0, 0x52, 0x9e, 0x62, 0x01,
    0x52, 0xa1, 0x52, 0xa2, 0x62, 0x01, 0x52, 0xa3, 0x52, 0xa2, 0x62, 0x01, 0x52, 0xa4, 0x52, 0xa2,
    0x62, 0x01, 0x52, 0xa5, 0x52, 0xa2, 0x62, 0x01, 0x52, 0xa6, 0x52, 0xa2, 0x62, 0x01, 0x52, 0xa7,
    0x52, 0xa8, 0x62, 0x01, 0x52, 0xa9, 0x52, 0xa8, 0x62, 0x01, 0x52, 0xaa, 0x52, 0xa8, 0x62, 0x01,
    0x52, 0xab, 0x52, 0xac, 0x62, 0x01, 0x52, 0xad, 0x52, 0xac, 0x62, 0x01, 0x52, 0xae, 0x52, 0xaf,
    0x62, 0x01, 0x52, 0xb0, 0x52, 0xaf, 0x62, 0x01, 0x43, 0x01, 0x2f, 0x00, 0x52, 0xb1, 0x52, 0xaf,
    0x62, 0x01, 0x52, 0xb2, 0x52, 0xb3, 0x62, 0x01, 0x52, 0xb4, 0x52, 0xb5, 0x62, 0x01, 0x52, 0xb6,
    0x52, 0xb5, 0x62, 0x01, 0x52, 0xb7, 0x52, 0xb5, 0x62, 0x01, 0x52, 0xb8, 0x52, 0xb9, 0x62, 0x01,
    0x52, 0xba, 0x52, 0xb9, 0x62, 0x01, 0x52, 0xbb, 0x52, 0xb9, 0x62, 0x01, 0x52, 0xbc, 0x52, 0xb9,
    0x62, 0x01, 0x52, 0xbd, 0x52, 0xb9, 0x62, 0x01, 0x52, 0xbe, 0x52, 0xb9, 0x62, 0x01, 0x52, 0xbf,
    0x52, 0xb9, 0x62, 0x01, 0x52, 0xc0, 0x52, 0xb9, 0x62, 0x01, 0x52, 0xc1, 0x52, 0xc2, 0x62, 0x01,
    0x52, 0xc3, 0x52, 0xc4, 0x62, 0x01, 0x52, 0xc5, 0x52, 0xc4, 0x62, 0x01, 0x52, 0xc6, 0x52, 0xc4,
    0x62, 0x01, 0x43, 0x01, 0x2f, 0x00, 0x52, 0xc7, 0x52, 0xc4, 0x62, 0x01, 0x52, 0xc8, 0x52, 0xc4,
    0x62, 0x01, 0x52, 0xc9, 0x52, 0xc4, 0x62, 0x01, 0x52, 0xca, 0x52, 0xc4, 0x62, 0x01, 0x52, 0xcb,
    0x52, 0xc4, 0x62, 0x01, 0x52, 0xcc, 0x52, 0xcd, 0x62, 0x01, 0x52, 0xce, 0x52, 0xcd, 0x62, 0x01,
    0x52, 0xcf, 0x52, 0xcd, 0x62, 0x01, 0x52, 0xd0, 0x52, 0xd1, 0x62, 0x01, 0x52, 0xd2, 0x52, 0xd3,
    0x62, 0x01, 0x52, 0xd4, 0x52, 0xd3, 0x62, 0x01, 0x52, 0xd5, 0x52, 0xd3, 0x62, 0x01, 0x52, 0xd6,
    0x52, 0xd3, 0x62, 0x01, 0x52, 0xd7, 0x52, 0xd3, 0x62, 0x01, 0x52, 0xd8, 0x52, 0xd9, 0x62, 0x01,
    0x52, 0xda, 0x52, 0xd9, 0x62, 0x01, 0x52, 0xdb, 0x52, 0xd9, 0x62, 0x01, 0x43, 0x01, 0x2f, 0x00,
    0x52, 0xdc, 0x52, 0xdd, 0x62, 0x01, 0x52, 0xde, 0x52, 0xdd, 0x62, 0x01, 0x52, 0xdf, 0x52, 0xdd,
    0x62, 0x01, 0x52, 0xe0, 0x52, 0xe1, 0x62, 0x01, 0x52, 0xe2, 0x52, 0xe1, 0x62, 0x01, 0x52, 0xe3,
    0x52, 0xe4, 0x62, 0x01, 0x52, 0xe5, 0x52, 0xe4, 0x62, 0x01, 0x52, 0xe6, 0x52, 0xe7, 0x62, 0x01,
    0x52, 0xe8, 0x52, 0xe7, 0x62, 0x01, 0x52, 0xe9, 0x52, 0xea, 0x62, 0x01, 0x52, 0xeb, 0x52, 0xea,
    0x62, 0x01, 0x52, 0xec, 0x52, 0xed, 0x62, 0x01, 0x52, 0xee, 0x52, 0xed, 0x62, 0x01, 0x52, 0xef,
    0x52, 0xf0, 0x62, 0x01, 0x52, 0xf1, 0x52, 0xf0, 0x62, 0x01, 0x52, 0xf2, 0x52, 0xf0, 0x62, 0x01,
    0x52, 0xf3, 0x52, 0xf4, 0x62, 0x01, 0x43, 0x01, 0x2f, 0x00, 0x52, 0xf5, 0x52, 0xf4, 0x62, 0x01,
    0x52, 0xf6, 0x52, 0xf4, 0x62, 0x01, 0x52, 0xf7, 0x52, 0xf4, 0x62, 0x01, 0x52, 0xf8, 0x52, 0xf4,
    0x62, 0x01, 0x52, 0xf9, 0x52, 0xf4, 0x62, 0x01, 0x52, 0xfa, 0x52, 0xfb, 0x62, 0x01, 0x52, 0xfc,
    0x52, 0xfb, 0x62, 0x01, 0x52, 0xfd, 0x52, 0xfb, 0x62, 0x01, 0x52, 0xfe, 0x52, 0xff, 0x62, 0x01,
    0x45, 0x01, 0x52, 0x00, 0x52, 0xff, 0x62, 0x01, 0x45, 0x01, 0x52, 0x01, 0x52, 0xff, 0x62, 0x01,
    0x45, 0x01, 0x52, 0x02, 0x45, 0x01, 0x52, 0x03, 0x62, 0x01, 0x45, 0x01, 0x52, 0x04, 0x45, 0x01,
    0x52, 0x03, 0x62, 0x01, 0x45, 0x01, 0x52, 0x05, 0x45, 0x01, 0x52, 0x03, 0x62, 0x01, 0x45, 0x01,
    0x52, 0x06, 0x45, 0x01, 0x52, 0x03, 0x62, 0x01, 0x45, 0x01, 0x52, 0x07, 0x45, 0x01, 0x52, 0x03,
    0x62, 0x01, 0x45, 0x01, 0x52, 0x08, 0x45, 0x01, 0x52, 0x03, 0x62, 0x01, 0x43, 0x01, 0x2f, 0x00,
    0x45, 0x01, 0x52, 0x09, 0x45, 0x01, 0x52, 0x0a, 0x62, 0x01, 0x45, 0x01, 0x52, 0x0b, 0x45, 0x01,
    0x52, 0x0a, 0x62, 0x01, 0x45, 0x01, 0x52, 0x0c, 0x45, 0x01, 0x52, 0x0a, 0x62, 0x01, 0x45, 0x01,
    0x52, 0x0d, 0x45, 0x01, 0x52, 0x0e, 0x62, 0x01, 0x45, 0x01, 0x52, 0x0f, 0x45, 0x01, 0x52, 0x0e,
    0x62, 0x01, 0x45, 0x01, 0x52, 0x10, 0x45, 0x01, 0x52, 0x0e, 0x62, 0x01, 0x45, 0x01, 0x52, 0x11,
    0x45, 0x01, 0x52, 0x0e, 0x62, 0x01, 0x45, 0x01, 0x52, 0x12, 0x45, 0x01, 0x52, 0x0e, 0x62, 0x01,
    0x45, 0x01, 0x52, 0x13, 0x45, 0x01, 0x52, 0x14, 0x62, 0x01, 0x45, 0x01, 0x52, 0x15, 0x45, 0x01,
    0x52, 0x14, 0x62, 0x01, 0x45, 0x01, 0x52, 0x16, 0x45, 0x01, 0x52, 0x14, 0x62, 0x01, 0x45, 0x01,
    0x52, 0x17, 0x45, 0x01, 0x52, 0x14, 0x62, 0x01, 0x45, 0x01, 0x52, 0x18, 0x45, 0x01, 0x52, 0x14,
    0x62, 0x01, 0x45, 0x01, 0x52, 0x19, 0x45, 0x01, 0x52, 0x14, 0x62, 0x01, 0x45, 0x01, 0x52, 0x1a,
    0x45, 0x01, 0x52, 0x1b, 0x62, 0x01, 0x45, 0x01, 0x52, 0x1c, 0x45, 0x01, 0x52, 0x1b, 0x62, 0x01,
    0x45, 0x01, 0x52, 0x1d, 0x45, 0x01, 0x52, 0x1b, 0x62, 0x01, 0x43, 0x01, 0x2f, 0x00, 0x45, 0x01,
    0x52, 0x1e, 0x45, 0x01, 0x52, 0x1b, 0x62, 0x01, 0x45, 0x01, 0x52, 0x1f, 0x45, 0x01, 0x52, 0x1b,
    0x62, 0x01, 0x45, 0x01, 0x52, 0x20, 0x45, 0x01, 0x52, 0x1b, 0x62, 0x01, 0x45, 0x01, 0x52, 0x21,
    0x45, 0x01, 0x52, 0x22, 0x62, 0x01, 0x45, 0x01, 0x52, 0x23, 0x45, 0x01, 0x52, 0x22, 0x62, 0x01,
    0x45, 0x01, 0x52, 0x24, 0x45, 0x01, 0x52, 0x22, 0x62, 0x01, 0x45, 0x01, 0x52, 0x25, 0x45, 0x01,
    0x52, 0x22, 0x62, 0x01, 0x45, 0x01, 0x52, 0x26, 0x45, 0x01, 0x52, 0x22, 0x62, 0x01, 0x45, 0x01,
    0x52, 0x27, 0x45, 0x01, 0x52, 0x22, 0x62, 0x01, 0x45, 0x01, 0x52, 0x28, 0x45, 0x01, 0x52, 0x29,
    0x62, 0x01, 0x45, 0x01, 0x52, 0x2a, 0x45, 0x01, 0x52, 0x29, 0x62, 0x01, 0x45, 0x01, 0x52, 0x2b,
    0x45, 0x01, 0x52, 0x29, 0x62, 0x01, 0x45, 0x01, 0x52, 0x2c, 0x45, 0x01, 0x52, 0x29, 0x62, 0x01,
    0x45, 0x01, 0x52, 0x2d, 0x45, 0x01, 0x52, 0x29, 0x62, 0x01, 0x45, 0x01, 0x52, 0x2e, 0x45, 0x01,
    0x52, 0x2f, 0x62, 0x01, 0x45, 0x01, 0x52, 0x30, 0x45, 0x01, 0x52, 0x2f, 0x62, 0x01, 0x45, 0x01,
    0x52, 0x31, 0x45, 0x01, 0x52, 0x2f, 0x62, 0x01, 0x43, 0x01, 0x2f, 0x00, 0x45, 0x01, 0x52, 0x32,
    0x45, 0x01, 0x52, 0x2f, 0x62, 0x01, 0x45, 0x01, 0x52, 0x33, 0x45, 0x01, 0x52, 0x2f, 0x62, 0x01,
    0x45, 0x01, 0x52, 0x34, 0x45, 0x01, 0x52, 0x2f, 0x62, 0x01, 0x45, 0x01, 0x52, 0x35, 0x45, 0x01,
    0x52, 0x2f, 0x62, 0x01, 0x45, 0x01, 0x52, 0x36, 0x45, 0x01, 0x52, 0x37, 0x62, 0x01, 0x45, 0x01,
    0x52, 0x38, 0x45, 0x01, 0x52, 0x37, 0x62, 0x01, 0x45, 0x01, 0x52, 0x39, 0x45, 0x01, 0x52, 0x37,
    0x62, 0x01, 0x45, 0x01, 0x52, 0x3a, 0x45, 0x01, 0x52, 0x37, 0x62, 0x01, 0x45, 0x01, 0x52, 0x3b,
    0x45, 0x01, 0x52, 0x37, 0x62, 0x01, 0x45, 0x01, 0x52, 0x3c, 0x45, 0x01, 0x52, 0x37, 0x62, 0x01,
    0x45, 0x01, 0x52, 0x3d, 0x45, 0x01, 0x52, 0x37, 0x62, 0x01, 0x45, 0x01, 0x52, 0x3e, 0x45, 0x01,
    0x52, 0x37, 0x62, 0x01, 0x45, 0x01, 0x52, 0x3f, 0x45, 0x01, 0x52, 0x40, 0x62, 0x01, 0x45, 0x01,
    0x52, 0x41, 0x45, 0x01, 0x52, 0x40, 0x62, 0x01, 0x45, 0x01, 0x52, 0x42, 0x45, 0x01, 0x52, 0x40,
    0x62, 0x01, 0x45, 0x01, 0x52, 0x43, 0x45, 0x01, 0x52, 0x40, 0x62, 0x01, 0x45, 0x01, 0x52, 0x44,
    0x45, 0x01, 0x52, 0x40, 0x62, 0x01, 0x43, 0x01, 0x2f, 0x00, 0x45, 0x01, 0x52, 0x45, 0x45, 0x01,
    0x52, 0x40, 0x62, 0x01, 0x45, 0x01, 0x52, 0x46, 0x45, 0x01, 0x52, 0x40, 0x62, 0x01, 0x45, 0x01,
    0x52, 0x47, 0x45, 0x01, 0x52, 0x48, 0x62, 0x01, 0x45, 0x01, 0x52, 0x49, 0x45, 0x01, 0x52, 0x48,
    0x62, 0x01, 0x45, 0x01, 0x52, 0x4a, 0x45, 0x01, 0x52, 0x48, 0x62, 0x01, 0x45, 0x01, 0x52, 0x4b,
    0x45, 0x01, 0x52, 0x48, 0x62, 0x01, 0x45, 0x01, 0x52, 0x4c, 0x45, 0x01, 0x52, 0x48, 0x62, 0x01,
    0x45, 0x01, 0x52, 0x4d, 0x45, 0x01, 0x52, 0x48, 0x62, 0x01, 0x45, 0x01, 0x52, 0x4e, 0x45, 0x01,
    0x52, 0x4f, 0x62, 0x01, 0x45, 0x01, 0x52, 0x50, 0x45, 0x01, 0x52, 0x4f, 0x62, 0x01, 0x45, 0x01,
    0x52, 0x51, 0x45, 0x01, 0x52, 0x52, 0x62, 0x01, 0x45, 0x01, 0x52, 0x53, 0x45, 0x01, 0x52, 0x54,
    0x62, 0x01, 0x45, 0x01, 0x52, 0x55, 0x45, 0x01, 0x52, 0x54, 0x62, 0x01, 0x45, 0x01, 0x52, 0x56,
    0x45, 0x01, 0x52, 0x54, 0x62, 0x01, 0x45, 0x01, 0x52, 0x57, 0x45, 0x01, 0x52, 0x58, 0x62, 0x01,
    0x45, 0x01, 0x52, 0x59, 0x45, 0x01, 0x52, 0x58, 0x62, 0x01, 0x45, 0x01, 0x52, 0x5a, 0x45, 0x01,
    0x52, 0x58, 0x62, 0x01, 0x43, 0x01, 0x2f, 0x00, 0x45, 0x01, 0x52, 0x5b, 0x45, 0x01, 0x52, 0x58,
    0x62, 0x01, 0x45, 0x01, 0x52, 0x5c, 0x45, 0x01, 0x52, 0x58, 0x62, 0x01, 0x45, 0x01, 0x52, 0x5d,
    0x45, 0x01, 0x52, 0x58, 0x62, 0x01, 0x45, 0x01, 0x52, 0x5e, 0x45, 0x01, 0x52, 0x58, 0x62, 0x01,
    0x45, 0x01, 0x52, 0x5f, 0x45, 0x01, 0x52, 0x58, 0x62, 0x01, 0x45, 0x01, 0x52, 0x60, 0x45, 0x01,
    0x52, 0x58, 0x62, 0x01, 0x45, 0x01, 0x52, 0x61, 0x45, 0x01, 0x52, 0x58, 0x62, 0x01, 0x45, 0x01,
    0x52, 0x62, 0x45, 0x01, 0x52, 0x58, 0x62, 0x01, 0x45, 0x01, 0x52, 0x63, 0x45, 0x01, 0x52, 0x58,
    0x62, 0x01, 0x45, 0x01, 0x52, 0x64, 0x45, 0x01, 0x52, 0x65, 0x62, 0x01, 0x45, 0x01, 0x52, 0x66,
    0x45, 0x01, 0x52, 0x67, 0x62, 0x01, 0x45, 0x01, 0x52, 0x68, 0x45, 0x01, 0x52, 0x69, 0x62, 0x01,
    0x45, 0x01, 0x52, 0x6a, 0x45, 0x01, 0x52, 0x6b, 0x62, 0x01, 0x45, 0x01, 0x52, 0x6c, 0x45, 0x01,
    0x52, 0x6b, 0x62, 0x01, 0x45, 0x01, 0x52, 0x6d, 0x45, 0x01, 0x52, 0x6b, 0x62, 0x01, 0x45, 0x01,
    0x52, 0x6e, 0x45, 0x01, 0x52, 0x6f, 0x62, 0x01, 0x45, 0x01, 0x52, 0x70, 0x45, 0x01, 0x52, 0x6f,
    0x62, 0x01, 0x43, 0x01, 0x2f, 0x00, 0x45, 0x01, 0x52, 0x71, 0x45, 0x01, 0x52, 0x72, 0x62, 0x01,
    0x45, 0x01, 0x52, 0x73, 0x45, 0x01, 0x52, 0x74, 0x62, 0x01, 0x45, 0x01, 0x52, 0x75, 0x45, 0x01,
    0x52, 0x74, 0x62, 0x01, 0x45, 0x01, 0x52, 0x76, 0x45, 0x01, 0x52, 0x77, 0x62, 0x01, 0x45, 0x01,
    0x52, 0x78, 0x45, 0x01, 0x52, 0x77, 0x62, 0x01, 0x45, 0x01, 0x52, 0x79, 0x45, 0x01, 0x52, 0x77,
    0x62, 0x01, 0x45, 0x01, 0x52, 0x7a, 0x45, 0x01, 0x52, 0x77, 0x62, 0x01, 0x45, 0x01, 0x52, 0x7b,
    0x45, 0x01, 0x52, 0x7c, 0x62, 0x01, 0x45, 0x01, 0x52, 0x7d, 0x45, 0x01, 0x52, 0x7c, 0x62, 0x01,
    0x45, 0x01, 0x52, 0x7e, 0x45, 0x01, 0x52, 0x7c, 0x62, 0x01, 0x45, 0x01, 0x52, 0x7f, 0x45, 0x01,
    0x52, 0x80, 0x62, 0x01, 0x45, 0x01, 0x52, 0x81, 0x45, 0x01, 0x52, 0x82, 0x62, 0x01, 0x45, 0x01,
    0x52, 0x83, 0x45, 0x01, 0x52, 0x82, 0x62, 0x01, 0x45, 0x01, 0x52, 0x84, 0x45, 0x01, 0x52, 0x82,
    0x62, 0x01, 0x45, 0x01, 0x52, 0x85, 0x45, 0x01, 0x52, 0x82, 0x62, 0x01, 0x45, 0x01, 0x52, 0x86,
    0x45, 0x01, 0x52, 0x87, 0x62, 0x01, 0x45, 0x01, 0x52, 0x88, 0x45, 0x01, 0x52, 0x87, 0x62, 0x01,
    0x43, 0x01, 0x2f, 0x00, 0x45, 0x01, 0x52, 0x89, 0x45, 0x01, 0x52, 0x87, 0x62, 0x01, 0x45, 0x01,
    0x52, 0x8a, 0x45, 0x01, 0x52, 0x8b, 0x62, 0x01, 0x45, 0x01, 0x52, 0x8c, 0x45, 0x01, 0x52, 0x8b,
    0x62, 0x01, 0x45, 0x01, 0x52, 0x8d, 0x45, 0x01, 0x52, 0x8b, 0x62, 0x01, 0x45, 0x01, 0x52, 0x8e,
    0x45, 0x01, 0x52, 0x8f, 0x62, 0x01, 0x45, 0x01, 0x52, 0x90, 0x45, 0x01, 0x52, 0x8f, 0x62, 0x01,
    0x45, 0x01, 0x52, 0x91, 0x45, 0x01, 0x52, 0x8f, 0x62, 0x01, 0x45, 0x01, 0x52, 0x92, 0x45, 0x01,
    0x52, 0x8f, 0x62, 0x01, 0x45, 0x01, 0x52, 0x93, 0x45, 0x01, 0x52, 0x8f, 0x62, 0x01, 0x45, 0x01,
    0x52, 0x94, 0x45, 0x01, 0x52, 0x95, 0x62, 0x01, 0x45, 0x01, 0x52, 0x96, 0x45, 0x01, 0x52, 0x95,
    0x62, 0x01, 0x45, 0x01, 0x52, 0x97, 0x45, 0x01, 0x52, 0x98, 0x62, 0x01, 0x45, 0x01, 0x52, 0x99,
    0x45, 0x01, 0x52, 0x98, 0x62, 0x01, 0x45, 0x01, 0x52, 0x9a, 0x45, 0x01, 0x52, 0x9b, 0x62, 0x01,
    0x45, 0x01, 0x52, 0x9c, 0x45, 0x01, 0x52, 0x9b, 0x62, 0x01, 0x45, 0x01, 0x52, 0x9d, 0x45, 0x01,
    0x52, 0x9e, 0x62, 0x01, 0x45, 0x01, 0x52, 0x9f, 0x45, 0x01, 0x52, 0x9e, 0x62, 0x01, 0x43, 0x01,
    0x2f, 0x00, 0x45, 0x01, 0x52, 0xa0, 0x45, 0x01, 0x52, 0xa1, 0x62, 0x01, 0x45, 0x01, 0x52, 0xa2,
    0x45, 0x01, 0x52, 0xa3, 0x62, 0x01, 0x45, 0x01, 0x52, 0xa4, 0x45, 0x01, 0x52, 0xa5, 0x62, 0x01,
    0x45, 0x01, 0x52, 0xa6, 0x45, 0x01, 0x52, 0xa5, 0x62, 0x01, 0x45, 0x01, 0x52, 0xa7, 0x45, 0x01,
    0x52, 0xa5, 0x62, 0x01, 0x45, 0x01, 0x52, 0xa8, 0x45, 0x01, 0x52, 0xa9, 0x62, 0x01, 0x45, 0x01,
    0x52, 0xaa, 0x45, 0x01, 0x52, 0xa9, 0x62, 0x01, 0x45, 0x01, 0x52, 0xab, 0x45, 0x01, 0x52, 0xa9,
    0x62, 0x01, 0x45, 0x01, 0x52, 0xac, 0x45, 0x01, 0x52, 0xa9, 0x62, 0x01, 0x45, 0x01, 0x52, 0xad,
    0x45, 0x01, 0x52, 0xa9, 0x62, 0x01, 0x45, 0x01, 0x52, 0xae, 0x45, 0x01, 0x52, 0xa9, 0x62, 0x01,
    0x45, 0x01, 0x52, 0xaf, 0x45, 0x01, 0x52, 0xb0, 0x62, 0x01, 0x45, 0x01, 0x52, 0xb1, 0x45, 0x01,
    0x52, 0xb2, 0x62, 0x01, 0x45, 0x01, 0x52, 0xb3, 0x45, 0x01, 0x52, 0xb2, 0x62, 0x01, 0x45, 0x01,
    0x52, 0xb4, 0x45, 0x01, 0x52, 0x82, 0x62, 0x01, 0x45, 0x01, 0x52, 0xb5, 0x52, 0xb9, 0x62, 0x01,
    0x45, 0x01, 0x52, 0xb6, 0x52, 0xc4, 0x62, 0x01, 0x43, 0x01, 0x45, 0x01, 0x52, 0xb7, 0x52, 0x11,
    0x2f, 0x01, 0x43, 0x01, 0x74, 0x00, 0x45, 0x01, 0x52, 0xb8, 0x23, 0x00, 0x28, 0xb9, 0x01, 0x00,
    0x00, 0xda, 0x03, 0x36, 0x34, 0x36, 0xda, 0x05, 0x61, 0x73, 0x63, 0x69, 0x69, 0x7a, 0x0e, 0x61,
    0x6e, 0x73, 0x69, 0x5f, 0x78, 0x33, 0x2e, 0x34, 0x5f, 0x31, 0x39, 0x36, 0x38, 0xda, 0x0e, 0x61,
    0x6e, 0x73, 0x69, 0x5f, 0x78, 0x33, 0x5f, 0x34, 0x5f, 0x31, 0x39, 0x36, 0x38, 0x7a, 0x0e, 0x61,
    0x6e, 0x73, 0x69, 0x5f, 0x78, 0x33, 0x2e, 0x34, 0x5f, 0x31, 0x39, 0x38, 0x36, 0xda, 0x05, 0x63,
    0x70, 0x33, 0x36, 0x37, 0xda, 0x07, 0x63, 0x73, 0x61, 0x73, 0x63, 0x69, 0x69, 0xda, 0x06, 0x69,
    0x62, 0x6d, 0x33, 0x36, 0x37, 0xda, 0x09, 0x69, 0x73, 0x6f, 0x36, 0x34, 0x36, 0x5f, 0x75, 0x73,
    0x7a, 0x10, 0x69, 0x73, 0x6f, 0x5f, 0x36, 0x34, 0x36, 0x2e, 0x69, 0x72, 0x76, 0x5f, 0x31, 0x39,
    0x39, 0x31, 0xda, 0x08, 0x69, 0x73, 0x6f, 0x5f, 0x69, 0x72, 0x5f, 0x36, 0xda, 0x02, 0x75, 0x73,
    0xda, 0x08, 0x75, 0x73, 0x5f, 0x61, 0x73, 0x63, 0x69, 0x69, 0xda, 0x06, 0x62, 0x61, 0x73, 0x65,
    0x36, 0x34, 0xda, 0x0c, 0x62, 0x61, 0x73, 0x65, 0x36, 0x34, 0x5f, 0x63, 0x6f, 0x64, 0x65, 0x63,
    0xda, 0x07, 0x62, 0x61, 0x73, 0x65, 0x5f, 0x36, 0x34, 0xda, 0x07, 0x62, 0x69, 0x67, 0x35, 0x5f,
    0x74, 0x77, 0xda, 0x04, 0x62, 0x69, 0x67, 0x35, 0xda, 0x06, 0x63, 0x73, 0x62, 0x69, 0x67, 0x35,
    0xda, 0x0a, 0x62, 0x69, 0x67, 0x35, 0x5f, 0x68, 0x6b, 0x73, 0x63, 0x73, 0xda, 0x09, 0x62, 0x69,
    0x67, 0x35, 0x68, 0x6b, 0x73, 0x63, 0x73, 0xda, 0x05, 0x68, 0x6b, 0x73, 0x63, 0x73, 0xda, 0x03,
    0x62, 0x7a, 0x32, 0xda, 0x09, 0x62, 0x7a, 0x32, 0x5f, 0x63, 0x6f, 0x64, 0x65, 0x63, 0xda, 0x03,
    0x30, 0x33, 0x37, 0xda, 0x05, 0x63, 0x70, 0x30, 0x33, 0x37, 0xda, 0x08, 0x63, 0x73, 0x69, 0x62,
    0x6d, 0x30, 0x33, 0x37, 0xda, 0x0c, 0x65, 0x62, 0x63, 0x64, 0x69, 0x63, 0x5f, 0x63, 0x70, 0x5f,
    0x63, 0x61, 0xda, 0x0c, 0x65, 0x62, 0x63, 0x64, 0x69, 0x63, 0x5f, 0x63, 0x70, 0x5f, 0x6e, 0x6c,
    0xda, 0x0c, 0x65, 0x62, 0x63, 0x64, 0x69, 0x63, 0x5f, 0x63, 0x70, 0x5f, 0x75, 0x73, 0xda, 0x0c,
    0x65, 0x62, 0x63, 0x64, 0x69, 0x63, 0x5f, 0x63, 0x70, 0x5f, 0x77, 0x74, 0xda, 0x06, 0x69, 0x62,
    0x6d, 0x30, 0x33, 0x37, 0xda, 0x06, 0x69, 0x62, 0x6d, 0x30, 0x33, 0x39, 0xda, 0x04, 0x31, 0x30,
    0x32, 0x36, 0xda, 0x06, 0x63, 0x70, 0x31, 0x30, 0x32, 0x36, 0xda, 0x09, 0x63, 0x73, 0x69, 0x62,
    0x6d, 0x31, 0x30, 0x32, 0x36, 0xda, 0x07, 0x69, 0x62, 0x6d, 0x31, 0x30, 0x32, 0x36, 0xda, 0x04,
    0x31, 0x31, 0x32, 0x35, 0xda, 0x06, 0x63, 0x70, 0x31, 0x31, 0x32, 0x35, 0xda, 0x07, 0x69, 0x62,
    0x6d, 0x31, 0x31, 0x32, 0x35, 0xda, 0x06, 0x63, 0x70, 0x38, 0x36, 0x36, 0x75, 0xda, 0x06, 0x72,
    0x75, 0x73, 0x63, 0x69, 0x69, 0xda, 0x04, 0x31, 0x31, 0x34, 0x30, 0xda, 0x06, 0x63, 0x70, 0x31,
    0x31, 0x34, 0x30, 0xda, 0x07, 0x63, 0x70, 0x30, 0x31, 0x31, 0x34, 0x30, 0xda, 0x0a, 0x63, 0x73,
    0x69, 0x62, 0x6d, 0x30, 0x31, 0x31, 0x34, 0x30, 0xda, 0x11, 0x65, 0x62, 0x63, 0x64, 0x69, 0x63,
    0x5f, 0x75, 0x73, 0x5f, 0x33, 0x37, 0x5f, 0x65, 0x75, 0x72, 0x6f, 0xda, 0x08, 0x69, 0x62, 0x6d,
    0x30, 0x31, 0x31, 0x34, 0x30, 0xda, 0x07, 0x69, 0x62, 0x6d, 0x31, 0x31, 0x34, 0x30, 0xda, 0x04,
    0x31, 0x32, 0x35, 0x30, 0xda, 0x06, 0x63, 0x70, 0x31, 0x32, 0x35, 0x30, 0xda, 0x0c, 0x77, 0x69,
    0x6e, 0x64, 0x6f, 0x77, 0x73, 0x5f, 0x31, 0x32, 0x35, 0x30, 0xda, 0x04, 0x31, 0x32, 0x35, 0x31,
    0xda, 0x06, 0x63, 0x70, 0x31, 0x32, 0x35, 0x31, 0xda, 0x0c, 0x77, 0x69, 0x6e, 0x64, 0x6f, 0x77,
    0x73, 0x5f, 0x31, 0x32, 0x35, 0x31, 0xda, 0x04, 0x31, 0x32, 0x35, 0x32, 0xda, 0x06, 0x63, 0x70,
    0x31, 0x32, 0x35, 0x32, 0xda, 0x0c, 0x77, 0x69, 0x6e, 0x64, 0x6f, 0x77, 0x73, 0x5f, 0x31, 0x32,
    0x35, 0x32, 0xda, 0x04, 0x31, 0x32, 0x35, 0x33, 0xda, 0x06, 0x63, 0x70, 0x31, 0x32, 0x35, 0x33,
    0xda, 0x0c, 0x77, 0x69, 0x6e, 0x64, 0x6f, 0x77, 0x73, 0x5f, 0x31, 0x32, 0x35, 0x33, 0xda, 0x04,
    0x31, 0x32, 0x35, 0x34, 0xda, 0x06, 0x63, 0x70, 0x31, 0x32, 0x35, 0x34, 0xda, 0x0c, 0x77, 0x69,
    0x6e, 0x64, 0x6f, 0x77, 0x73, 0x5f, 0x31, 0x32, 0x35, 0x34, 0xda, 0x04, 0x31, 0x32, 0x35, 0x35,
    0xda, 0x06, 0x63, 0x70, 0x31, 0x32, 0x35, 0x35, 0xda, 0x0c, 0x77, 0x69, 0x6e, 0x64, 0x6f, 0x77,
    0x73, 0x5f, 0x31, 0x32, 0x35, 0x35, 0xda, 0x04, 0x31, 0x32, 0x35, 0x36, 0xda, 0x06, 0x63, 0x70,
    0x31, 0x32, 0x35, 0x36, 0xda, 0x0c, 0x77, 0x69, 0x6e, 0x64, 0x6f, 0x77, 0x73, 0x5f, 0x31, 0x32,
    0x35, 0x36, 0xda, 0x04, 0x31, 0x32, 0x35, 0x37, 0xda, 0x06, 0x63, 0x70, 0x31, 0x32, 0x35, 0x37,
    0xda, 0x0c, 0x77, 0x69, 0x6e, 0x64, 0x6f, 0x77, 0x73, 0x5f, 0x31, 0x32, 0x35, 0x37, 0xda, 0x04,
    0x31, 0x32, 0x35, 0x38, 0xda, 0x06, 0x63, 0x70, 0x31, 0x32, 0x35, 0x38, 0xda, 0x0c, 0x77, 0x69,
    0x6e, 0x64, 0x6f, 0x77, 0x73, 0x5f, 0x31, 0x32, 0x35, 0x38, 0xda, 0x03, 0x32, 0x37, 0x33, 0xda,
    0x05, 0x63, 0x70, 0x32, 0x37, 0x33, 0xda, 0x06, 0x69, 0x62, 0x6d, 0x32, 0x37, 0x33, 0xda, 0x08,
    0x63, 0x73, 0x69, 0x62, 0x6d, 0x32, 0x37, 0x33, 0xda, 0x03, 0x34, 0x32, 0x34, 0xda, 0x05, 0x63,
    0x70, 0x34, 0x32, 0x34, 0xda, 0x08, 0x63, 0x73, 0x69, 0x62, 0x6d, 0x34, 0x32, 0x34, 0xda, 0x0c,
    0x65, 0x62, 0x63, 0x64, 0x69, 0x63, 0x5f, 0x63, 0x70, 0x5f, 0x68, 0x65, 0xda, 0x06, 0x69, 0x62,
    0x6d, 0x34, 0x32, 0x34, 0xda, 0x03, 0x34, 0x33, 0x37, 0xda, 0x05, 0x63, 0x70, 0x34, 0x33, 0x37,
    0xda, 0x10, 0x63, 0x73, 0x70, 0x63, 0x38, 0x63, 0x6f, 0x64, 0x65, 0x70, 0x61, 0x67, 0x65, 0x34,
    0x33, 0x37, 0xda, 0x06, 0x69, 0x62, 0x6d, 0x34, 0x33, 0x37, 0xda, 0x03, 0x35, 0x30, 0x30, 0xda,
    0x05, 0x63, 0x70, 0x35, 0x30, 0x30, 0xda, 0x08, 0x63, 0x73, 0x69, 0x62, 0x6d, 0x35, 0x30, 0x30,
    0xda, 0x0c, 0x65, 0x62, 0x63, 0x64, 0x69, 0x63, 0x5f, 0x63, 0x70, 0x5f, 0x62, 0x65, 0xda, 0x0c,
    0x65, 0x62, 0x63, 0x64, 0x69, 0x63, 0x5f, 0x63, 0x70, 0x5f, 0x63, 0x68, 0xda, 0x06, 0x69, 0x62,
    0x6d, 0x35, 0x30, 0x30, 0xda, 0x03, 0x37, 0x37, 0x35, 0xda, 0x05, 0x63, 0x70, 0x37, 0x37, 0x35,
    0xda, 0x0d, 0x63, 0x73, 0x70, 0x63, 0x37, 0x37, 0x35, 0x62, 0x61, 0x6c, 0x74, 0x69, 0x63, 0xda,
    0x06, 0x69, 0x62, 0x6d, 0x37, 0x37, 0x35, 0xda, 0x03, 0x38, 0x35, 0x30, 0xda, 0x05, 0x63, 0x70,
    0x38, 0x35, 0x30, 0xda, 0x13, 0x63, 0x73, 0x70, 0x63, 0x38, 0x35, 0x30, 0x6d, 0x75, 0x6c, 0x74,
    0x69, 0x6c, 0x69, 0x6e, 0x67, 0x75, 0x61, 0x6c, 0xda, 0x06, 0x69, 0x62, 0x6d, 0x38, 0x35, 0x30,
    0xda, 0x03, 0x38, 0x35, 0x32, 0xda, 0x05, 0x63, 0x70, 0x38, 0x35, 0x32, 0xda, 0x08, 0x63, 0x73,
    0x70, 0x63, 0x70, 0x38, 0x35, 0x32, 0xda, 0x06, 0x69, 0x62, 0x6d, 0x38, 0x35, 0x32, 0xda, 0x03,
    0x38, 0x35, 0x35, 0xda, 0x05, 0x63, 0x70, 0x38, 0x35, 0x35, 0xda, 0x08, 0x63, 0x73, 0x69, 0x62,
    0x6d, 0x38, 0x35, 0x35, 0xda, 0x06, 0x69, 0x62, 0x6d, 0x38, 0x35, 0x35, 0xda, 0x03, 0x38, 0x35,
    0x37, 0xda, 0x05, 0x63, 0x70, 0x38, 0x35, 0x37, 0xda, 0x08, 0x63, 0x73, 0x69, 0x62, 0x6d, 0x38,
    0x35, 0x37, 0xda, 0x06, 0x69, 0x62, 0x6d, 0x38, 0x35, 0x37, 0xda, 0x03, 0x38, 0x35, 0x38, 0xda,
    0x05, 0x63, 0x70, 0x38, 0x35, 0x38, 0xda, 0x07, 0x63, 0x70, 0x30, 0x30, 0x38, 0x35, 0x38, 0xda,
    0x0a, 0x63, 0x73, 0x69, 0x62, 0x6d, 0x30, 0x30, 0x38, 0x35, 0x38, 0xda, 0x08, 0x63, 0x73, 0x69,
    0x62, 0x6d, 0x38, 0x35, 0x38, 0xda, 0x08, 0x69, 0x62, 0x6d, 0x30, 0x30, 0x38, 0x35, 0x38, 0xda,
    0x06, 0x69, 0x62, 0x6d, 0x38, 0x35, 0x38, 0xda, 0x18, 0x70, 0x63, 0x5f, 0x6d, 0x75, 0x6c, 0x74,
    0x69, 0x6c, 0x69, 0x6e, 0x67, 0x75, 0x61, 0x6c, 0x5f, 0x38, 0x35, 0x30, 0x5f, 0x65, 0x75, 0x72,
    0x6f, 0xda, 0x03, 0x38, 0x36, 0x30, 0xda, 0x05, 0x63, 0x70, 0x38, 0x36, 0x30, 0xda, 0x08, 0x63,
    0x73, 0x69, 0x62, 0x6d, 0x38, 0x36, 0x30, 0xda, 0x06, 0x69, 0x62, 0x6d, 0x38, 0x36, 0x30, 0xda,
    0x03, 0x38, 0x36, 0x31, 0xda, 0x05, 0x63, 0x70, 0x38, 0x36, 0x31, 0xda, 0x05, 0x63, 0x70, 0x5f,
    0x69, 0x73, 0xda, 0x08, 0x63, 0x73, 0x69, 0x62, 0x6d, 0x38, 0x36, 0x31, 0xda, 0x06, 0x69, 0x62,
    0x6d, 0x38, 0x36, 0x31, 0xda, 0x03, 0x38, 0x36, 0x32, 0xda, 0x05, 0x63, 0x70, 0x38, 0x36, 0x32,
    0xda, 0x12, 0x63, 0x73, 0x70, 0x63, 0x38, 0x36, 0x32, 0x6c, 0x61, 0x74, 0x69, 0x6e, 0x68, 0x65,
    0x62, 0x72, 0x65, 0x77, 0xda, 0x06, 0x69, 0x62, 0x6d, 0x38, 0x36, 0x32, 0xda, 0x03, 0x38, 0x36,
    0x33, 0xda, 0x05, 0x63, 0x70, 0x38, 0x36, 0x33, 0xda, 0x08, 0x63, 0x73, 0x69, 0x62, 0x6d, 0x38,
    0x36, 0x33, 0xda, 0x06, 0x69, 0x62, 0x6d, 0x38, 0x36, 0x33, 0xda, 0x03, 0x38, 0x36, 0x34, 0xda,
    0x05, 0x63, 0x70, 0x38, 0x36, 0x34, 0xda, 0x08, 0x63, 0x73, 0x69, 0x62, 0x6d, 0x38, 0x36, 0x34,
    0xda, 0x06, 0x69, 0x62, 0x6d, 0x38, 0x36, 0x34, 0xda, 0x03, 0x38, 0x36, 0x35, 0xda, 0x05, 0x63,
    0x70, 0x38, 0x36, 0x35, 0xda, 0x08, 0x63, 0x73, 0x69, 0x62, 0x6d, 0x38, 0x36, 0x35, 0xda, 0x06,
    0x69, 0x62, 0x6d, 0x38, 0x36, 0x35, 0xda, 0x03, 0x38, 0x36, 0x36, 0xda, 0x05, 0x63, 0x70, 0x38,
    0x36, 0x36, 0xda, 0x08, 0x63, 0x73, 0x69, 0x62, 0x6d, 0x38, 0x36, 0x36, 0xda, 0x06, 0x69, 0x62,
    0x6d, 0x38, 0x36, 0x36, 0xda, 0x03, 0x38, 0x36, 0x39, 0xda, 0x05, 0x63, 0x70, 0x38, 0x36, 0x39,
    0xda, 0x05, 0x63, 0x70, 0x5f, 0x67, 0x72, 0xda, 0x08, 0x63, 0x73, 0x69, 0x62, 0x6d, 0x38, 0x36,
    0x39, 0xda, 0x06, 0x69, 0x62, 0x6d, 0x38, 0x36, 0x39, 0xda, 0x03, 0x38, 0x37, 0x34, 0xda, 0x05,
    0x63, 0x70, 0x38, 0x37, 0x34, 0xda, 0x05, 0x6d, 0x73, 0x38, 0x37, 0x34, 0xda, 0x0b, 0x77, 0x69,
    0x6e, 0x64, 0x6f, 0x77, 0x73, 0x5f, 0x38, 0x37, 0x34, 0xda, 0x03, 0x39, 0x33, 0x32, 0xda, 0x05,
    0x63, 0x70, 0x39, 0x33, 0x32, 0xda, 0x05, 0x6d, 0x73, 0x39, 0x33, 0x32, 0xda, 0x07, 0x6d, 0x73,
    0x6b, 0x61, 0x6e, 0x6a, 0x69, 0xda, 0x08, 0x6d, 0x73, 0x5f, 0x6b, 0x61, 0x6e, 0x6a, 0x69, 0xda,
    0x0b, 0x77, 0x69, 0x6e, 0x64, 0x6f, 0x77, 0x73, 0x5f, 0x33, 0x31, 0x6a, 0xda, 0x03, 0x39, 0x34,
    0x39, 0xda, 0x05, 0x63, 0x70, 0x39, 0x34, 0x39, 0xda, 0x05, 0x6d, 0x73, 0x39, 0x34, 0x39, 0xda,
    0x03, 0x75, 0x68, 0x63, 0xda, 0x03, 0x39, 0x35, 0x30, 0xda, 0x05, 0x63, 0x70, 0x39, 0x35, 0x30,
    0xda, 0x05, 0x6d, 0x73, 0x39, 0x35, 0x30, 0xda, 0x08, 0x6a, 0x69, 0x73, 0x78, 0x30, 0x32, 0x31,
    0x33, 0xda, 0x0c, 0x65, 0x75, 0x63, 0x5f, 0x6a, 0x69, 0x73, 0x5f, 0x32, 0x30, 0x30, 0x34, 0xda,
    0x0a, 0x65, 0x75, 0x63, 0x6a, 0x69, 0x73, 0x32, 0x30, 0x30, 0x34, 0xda, 0x0b, 0x65, 0x75, 0x63,
    0x5f, 0x6a, 0x69, 0x73, 0x32, 0x30, 0x30, 0x34, 0xda, 0x0b, 0x65, 0x75, 0x63, 0x6a, 0x69, 0x73,
    0x78, 0x30, 0x32, 0x31, 0x33, 0xda, 0x0c, 0x65, 0x75, 0x63, 0x5f, 0x6a, 0x69, 0x73, 0x78, 0x30,
    0x32, 0x31, 0x33, 0xda, 0x05, 0x65, 0x75, 0x63, 0x6a, 0x70, 0xda, 0x06, 0x65, 0x75, 0x63, 0x5f,
    0x6a, 0x70, 0xda, 0x04, 0x75, 0x6a, 0x69, 0x73, 0xda, 0x05, 0x75, 0x5f, 0x6a, 0x69, 0x73, 0xda,
    0x05, 0x65, 0x75, 0x63, 0x6b, 0x72, 0xda, 0x06, 0x65, 0x75, 0x63, 0x5f, 0x6b, 0x72, 0xda, 0x06,
    0x6b, 0x6f, 0x72, 0x65, 0x61, 0x6e, 0xda, 0x07, 0x6b, 0x73, 0x63, 0x35, 0x36, 0x30, 0x31, 0xda,
    0x09, 0x6b, 0x73, 0x5f, 0x63, 0x5f, 0x35, 0x36, 0x30, 0x31, 0xda, 0x0e, 0x6b, 0x73, 0x5f, 0x63,
    0x5f, 0x35, 0x36, 0x30, 0x31, 0x5f, 0x31, 0x39, 0x38, 0x37, 0xda, 0x07, 0x6b, 0x73, 0x78, 0x31,
    0x30, 0x30, 0x31, 0xda, 0x09, 0x6b, 0x73, 0x5f, 0x78, 0x5f, 0x31, 0x30, 0x30, 0x31, 0xda, 0x07,
    0x63, 0x73, 0x65, 0x75, 0x63, 0x6b, 0x72, 0xda, 0x0c, 0x67, 0x62, 0x31, 0x38, 0x30, 0x33, 0x30,
    0x5f, 0x32, 0x30, 0x30, 0x30, 0xda, 0x07, 0x67, 0x62, 0x31, 0x38, 0x30, 0x33, 0x30, 0xda, 0x07,
    0x63, 0x68, 0x69, 0x6e, 0x65, 0x73, 0x65, 0xda, 0x06, 0x67, 0x62, 0x32, 0x33, 0x31, 0x32, 0xda,
    0x0f, 0x63, 0x73, 0x69, 0x73, 0x6f, 0x35, 0x38, 0x67, 0x62, 0x32, 0x33, 0x31, 0x32, 0x38, 0x30,
    0xda, 0x06, 0x65, 0x75, 0x63, 0x5f, 0x63, 0x6e, 0xda, 0x05, 0x65, 0x75, 0x63, 0x63, 0x6e, 0xda,
    0x0c, 0x65, 0x75, 0x63, 0x67, 0x62, 0x32, 0x33, 0x31, 0x32, 0x5f, 0x63, 0x6e, 0xda, 0x0b, 0x67,
    0x62, 0x32, 0x33, 0x31, 0x32, 0x5f, 0x31, 0x39, 0x38, 0x30, 0xda, 0x09, 0x67, 0x62, 0x32, 0x33,
    0x31, 0x32, 0x5f, 0x38, 0x30, 0xda, 0x09, 0x69, 0x73, 0x6f, 0x5f, 0x69, 0x72, 0x5f, 0x35, 0x38,
    0xda, 0x03, 0x39, 0x33, 0x36, 0xda, 0x03, 0x67, 0x62, 0x6b, 0xda, 0x05, 0x63, 0x70, 0x39, 0x33,
    0x36, 0xda, 0x05, 0x6d, 0x73, 0x39, 0x33, 0x36, 0xda, 0x03, 0x68, 0x65, 0x78, 0xda, 0x09, 0x68,
    0x65, 0x78, 0x5f, 0x63, 0x6f, 0x64, 0x65, 0x63, 0xda, 0x06, 0x72, 0x6f, 0x6d, 0x61, 0x6e, 0x38,
    0xda, 0x09, 0x68, 0x70, 0x5f, 0x72, 0x6f, 0x6d, 0x61, 0x6e, 0x38, 0xda, 0x02, 0x72, 0x38, 0xda,
    0x0a, 0x63, 0x73, 0x48, 0x50, 0x52, 0x6f, 0x6d, 0x61, 0x6e, 0x38, 0xda, 0x06, 0x63, 0x70, 0x31,
    0x30, 0x35, 0x31, 0xda, 0x07, 0x69, 0x62, 0x6d, 0x31, 0x30, 0x35, 0x31, 0xda, 0x04, 0x68, 0x7a,
    0x67, 0x62, 0xda, 0x02, 0x68, 0x7a, 0xda, 0x05, 0x68, 0x7a, 0x5f, 0x67, 0x62, 0xda, 0x0a, 0x68,
    0x7a, 0x5f, 0x67, 0x62, 0x5f, 0x32, 0x33, 0x31, 0x32, 0xda, 0x0b, 0x63, 0x73, 0x69, 0x73, 0x6f,
    0x32, 0x30, 0x32, 0x32, 0x6a, 0x70, 0xda, 0x0a, 0x69, 0x73, 0x6f, 0x32, 0x30, 0x32, 0x32, 0x5f,
    0x6a, 0x70, 0xda, 0x09, 0x69, 0x73, 0x6f, 0x32, 0x30, 0x32, 0x32, 0x6a, 0x70, 0xda, 0x0b, 0x69,
    0x73, 0x6f, 0x5f, 0x32, 0x30, 0x32, 0x32, 0x5f, 0x6a, 0x70, 0xda, 0x0b, 0x69, 0x73, 0x6f, 0x32,
    0x30, 0x32, 0x32, 0x6a, 0x70, 0x5f, 0x31, 0xda, 0x0c, 0x69, 0x73, 0x6f, 0x32, 0x30, 0x32, 0x32,
    0x5f, 0x6a, 0x70, 0x5f, 0x31, 0xda, 0x0d, 0x69, 0x73, 0x6f, 0x5f, 0x32, 0x30, 0x32, 0x32, 0x5f,
    0x6a, 0x70, 0x5f, 0x31, 0xda, 0x0b, 0x69, 0x73, 0x6f, 0x32, 0x30, 0x32, 0x32, 0x6a, 0x70, 0x5f,
    0x32, 0xda, 0x0c, 0x69, 0x73, 0x6f, 0x32, 0x30, 0x32, 0x32, 0x5f, 0x6a, 0x70, 0x5f, 0x32, 0xda,
    0x0d, 0x69, 0x73, 0x6f, 0x5f, 0x32, 0x30, 0x32, 0x32, 0x5f, 0x6a, 0x70, 0x5f, 0x32, 0xda, 0x10,
    0x69, 0x73, 0x6f, 0x5f, 0x32, 0x30, 0x32, 0x32, 0x5f, 0x6a, 0x70, 0x5f, 0x32, 0x30, 0x30, 0x34,
    0xda, 0x0f, 0x69, 0x73, 0x6f, 0x32, 0x30, 0x32, 0x32, 0x5f, 0x6a, 0x70, 0x5f, 0x32, 0x30, 0x30,
    0x34, 0xda, 0x0e, 0x69, 0x73, 0x6f, 0x32, 0x30, 0x32, 0x32, 0x6a, 0x70, 0x5f, 0x32, 0x30, 0x30,
    0x34, 0xda, 0x0b, 0x69, 0x73, 0x6f, 0x32, 0x30, 0x32, 0x32, 0x6a, 0x70, 0x5f, 0x33, 0xda, 0x0c,
    0x69, 0x73, 0x6f, 0x32, 0x30, 0x32, 0x32, 0x5f, 0x6a, 0x70, 0x5f, 0x33, 0xda, 0x0d, 0x69, 0x73,
    0x6f, 0x5f, 0x32, 0x30, 0x32, 0x32, 0x5f, 0x6a, 0x70, 0x5f, 0x33, 0xda, 0x0d, 0x69, 0x73, 0x6f,
    0x32, 0x30, 0x32, 0x32, 0x6a, 0x70, 0x5f, 0x65, 0x78, 0x74, 0xda, 0x0e, 0x69, 0x73, 0x6f, 0x32,
    0x30, 0x32, 0x32, 0x5f, 0x6a, 0x70, 0x5f, 0x65, 0x78, 0x74, 0xda, 0x0f, 0x69, 0x73, 0x6f, 0x5f,
    0x32, 0x30, 0x32, 0x32, 0x5f, 0x6a, 0x70, 0x5f, 0x65, 0x78, 0x74, 0xda, 0x0b, 0x63, 0x73, 0x69,
    0x73, 0x6f, 0x32, 0x30, 0x32, 0x32, 0x6b, 0x72, 0xda, 0x0a, 0x69, 0x73, 0x6f, 0x32, 0x30, 0x32,
    0x32, 0x5f, 0x6b, 0x72, 0xda, 0x09, 0x69, 0x73, 0x6f, 0x32, 0x30, 0x32, 0x32, 0x6b, 0x72, 0xda,
    0x0b, 0x69, 0x73, 0x6f, 0x5f, 0x32, 0x30, 0x32, 0x32, 0x5f, 0x6b, 0x72, 0xda, 0x0b, 0x63, 0x73,
    0x69, 0x73, 0x6f, 0x6c, 0x61, 0x74, 0x69, 0x6e, 0x36, 0xda, 0x0a, 0x69, 0x73, 0x6f, 0x38, 0x38,
    0x35, 0x39, 0x5f, 0x31, 0x30, 0xda, 0x0b, 0x69, 0x73, 0x6f, 0x5f, 0x38, 0x38, 0x35, 0x39, 0x5f,
    0x31, 0x30, 0xda, 0x10, 0x69, 0x73, 0x6f, 0x5f, 0x38, 0x38, 0x35, 0x39, 0x5f, 0x31, 0x30, 0x5f,
    0x31, 0x39, 0x39, 0x32, 0xda, 0x0a, 0x69, 0x73, 0x6f, 0x5f, 0x69, 0x72, 0x5f, 0x31, 0x35, 0x37,
    0xda, 0x02, 0x6c, 0x36, 0xda, 0x06, 0x6c, 0x61, 0x74, 0x69, 0x6e, 0x36, 0xda, 0x04, 0x74, 0x68,
    0x61, 0x69, 0xda, 0x0a, 0x69, 0x73, 0x6f, 0x38, 0x38, 0x35, 0x39, 0x5f, 0x31, 0x31, 0xda, 0x0b,
    0x69, 0x73, 0x6f, 0x5f, 0x38, 0x38, 0x35, 0x39, 0x5f, 0x31, 0x31, 0xda, 0x10, 0x69, 0x73, 0x6f,
    0x5f, 0x38, 0x38, 0x35, 0x39, 0x5f, 0x31, 0x31, 0x5f, 0x32, 0x30, 0x30, 0x31, 0xda, 0x0b, 0x69,
    0x73, 0x6f, 0x5f, 0x38, 0x38, 0x35, 0x39, 0x5f, 0x31, 0x33, 0xda, 0x0a, 0x69, 0x73, 0x6f, 0x38,
    0x38, 0x35, 0x39, 0x5f, 0x31, 0x33, 0xda, 0x02, 0x6c, 0x37, 0xda, 0x06, 0x6c, 0x61, 0x74, 0x69,
    0x6e, 0x37, 0xda, 0x0b, 0x69, 0x73, 0x6f, 0x5f, 0x38, 0x38, 0x35, 0x39, 0x5f, 0x31, 0x34, 0xda,
    0x0a, 0x69, 0x73, 0x6f, 0x38, 0x38, 0x35, 0x39, 0x5f, 0x31, 0x34, 0xda, 0x10, 0x69, 0x73, 0x6f,
    0x5f, 0x38, 0x38, 0x35, 0x39, 0x5f, 0x31, 0x34, 0x5f, 0x31, 0x39, 0x39, 0x38, 0xda, 0x0a, 0x69,
    0x73, 0x6f, 0x5f, 0x63, 0x65, 0x6c, 0x74, 0x69, 0x63, 0xda, 0x0a, 0x69, 0x73, 0x6f, 0x5f, 0x69,
    0x72, 0x5f, 0x31, 0x39, 0x39, 0xda, 0x02, 0x6c, 0x38, 0xda, 0x06, 0x6c, 0x61, 0x74, 0x69, 0x6e,
    0x38, 0xda, 0x0b, 0x69, 0x73, 0x6f, 0x5f, 0x38, 0x38, 0x35, 0x39, 0x5f, 0x31, 0x35, 0xda, 0x0a,
    0x69, 0x73, 0x6f, 0x38, 0x38, 0x35, 0x39, 0x5f, 0x31, 0x35, 0xda, 0x02, 0x6c, 0x39, 0xda, 0x06,
    0x6c, 0x61, 0x74, 0x69, 0x6e, 0x39, 0xda, 0x0b, 0x69, 0x73, 0x6f, 0x5f, 0x38, 0x38, 0x35, 0x39,
    0x5f, 0x31, 0x36, 0xda, 0x0a, 0x69, 0x73, 0x6f, 0x38, 0x38, 0x35, 0x39, 0x5f, 0x31, 0x36, 0xda,
    0x10, 0x69, 0x73, 0x6f, 0x5f, 0x38, 0x38, 0x35, 0x39, 0x5f, 0x31, 0x36, 0x5f, 0x32, 0x30, 0x30,
    0x31, 0xda, 0x0a, 0x69, 0x73, 0x6f, 0x5f, 0x69, 0x72, 0x5f, 0x32, 0x32, 0x36, 0xda, 0x03, 0x6c,
    0x31, 0x30, 0xda, 0x07, 0x6c, 0x61, 0x74, 0x69, 0x6e, 0x31, 0x30, 0xda, 0x0b, 0x63, 0x73, 0x69,
    0x73, 0x6f, 0x6c, 0x61, 0x74, 0x69, 0x6e, 0x32, 0xda, 0x09, 0x69, 0x73, 0x6f, 0x38, 0x38, 0x35,
    0x39, 0x5f, 0x32, 0xda, 0x0a, 0x69, 0x73, 0x6f, 0x5f, 0x38, 0x38, 0x35, 0x39, 0x5f, 0x32, 0xda,
    0x0f, 0x69, 0x73, 0x6f, 0x5f, 0x38, 0x38, 0x35, 0x39, 0x5f, 0x32, 0x5f, 0x31, 0x39, 0x38, 0x37,
    0xda, 0x0a, 0x69, 0x73, 0x6f, 0x5f, 0x69, 0x72, 0x5f, 0x31, 0x30, 0x31, 0xda, 0x02, 0x6c, 0x32,
    0xda, 0x06, 0x6c, 0x61, 0x74, 0x69, 0x6e, 0x32, 0xda, 0x0b, 0x63, 0x73, 0x69, 0x73, 0x6f, 0x6c,
    0x61, 0x74, 0x69, 0x6e, 0x33, 0xda, 0x09, 0x69, 0x73, 0x6f, 0x38, 0x38, 0x35, 0x39, 0x5f, 0x33,
    0xda, 0x0a, 0x69, 0x73, 0x6f, 0x5f, 0x38, 0x38, 0x35, 0x39, 0x5f, 0x33, 0xda, 0x0f, 0x69, 0x73,
    0x6f, 0x5f, 0x38, 0x38, 0x35, 0x39, 0x5f, 0x33, 0x5f, 0x31, 0x39, 0x38, 0x38, 0xda, 0x0a, 0x69,
    0x73, 0x6f, 0x5f, 0x69, 0x72, 0x5f, 0x31, 0x30, 0x39, 0xda, 0x02, 0x6c, 0x33, 0xda, 0x06, 0x6c,
    0x61, 0x74, 0x69, 0x6e, 0x33, 0xda, 0x0b, 0x63, 0x73, 0x69, 0x73, 0x6f, 0x6c, 0x61, 0x74, 0x69,
    0x6e, 0x34, 0xda, 0x09, 0x69, 0x73, 0x6f, 0x38, 0x38, 0x35, 0x39, 0x5f, 0x34, 0xda, 0x0a, 0x69,
    0x73, 0x6f, 0x5f, 0x38, 0x38, 0x35, 0x39, 0x5f, 0x34, 0xda, 0x0f, 0x69, 0x73, 0x6f, 0x5f, 0x38,
    0x38, 0x35, 0x39, 0x5f, 0x34, 0x5f, 0x31, 0x39, 0x38, 0x38, 0xda, 0x0a, 0x69, 0x73, 0x6f, 0x5f,
    0x69, 0x72, 0x5f, 0x31, 0x31, 0x30, 0xda, 0x02, 0x6c, 0x34, 0xda, 0x06, 0x6c, 0x61, 0x74, 0x69,
    0x6e, 0x34, 0xda, 0x12, 0x63, 0x73, 0x69, 0x73, 0x6f, 0x6c, 0x61, 0x74, 0x69, 0x6e, 0x63, 0x79,
    0x72, 0x69, 0x6c, 0x6c, 0x69, 0x63, 0xda, 0x09, 0x69, 0x73, 0x6f, 0x38, 0x38, 0x35, 0x39, 0x5f,
    0x35, 0xda, 0x08, 0x63, 0x79, 0x72, 0x69, 0x6c, 0x6c, 0x69, 0x63, 0xda, 0x0a, 0x69, 0x73, 0x6f,
    0x5f, 0x38, 0x38, 0x35, 0x39, 0x5f, 0x35, 0xda, 0x0f, 0x69, 0x73, 0x6f, 0x5f, 0x38, 0x38, 0x35,
    0x39, 0x5f, 0x35, 0x5f, 0x31, 0x39, 0x38, 0x38, 0xda, 0x0a, 0x69, 0x73, 0x6f, 0x5f, 0x69, 0x72,
    0x5f, 0x31, 0x34, 0x34, 0xda, 0x06, 0x61, 0x72, 0x61, 0x62, 0x69, 0x63, 0xda, 0x09, 0x69, 0x73,
    0x6f, 0x38, 0x38, 0x35, 0x39, 0x5f, 0x36, 0xda, 0x08, 0x61, 0x73, 0x6d, 0x6f, 0x5f, 0x37, 0x30,
    0x38, 0xda, 0x10, 0x63, 0x73, 0x69, 0x73, 0x6f, 0x6c, 0x61, 0x74, 0x69, 0x6e, 0x61, 0x72, 0x61,
    0x62, 0x69, 0x63, 0xda, 0x08, 0x65, 0x63, 0x6d, 0x61, 0x5f, 0x31, 0x31, 0x34, 0xda, 0x0a, 0x69,
    0x73, 0x6f, 0x5f, 0x38, 0x38, 0x35, 0x39, 0x5f, 0x36, 0xda, 0x0f, 0x69, 0x73, 0x6f, 0x5f, 0x38,
    0x38, 0x35, 0x39, 0x5f, 0x36, 0x5f, 0x31, 0x39, 0x38, 0x37, 0xda, 0x0a, 0x69, 0x73, 0x6f, 0x5f,
    0x69, 0x72, 0x5f, 0x31, 0x32, 0x37, 0xda, 0x0f, 0x63, 0x73, 0x69, 0x73, 0x6f, 0x6c, 0x61, 0x74,
    0x69, 0x6e, 0x67, 0x72, 0x65, 0x65, 0x6b, 0xda, 0x09, 0x69, 0x73, 0x6f, 0x38, 0x38, 0x35, 0x39,
    0x5f, 0x37, 0xda, 0x08, 0x65, 0x63, 0x6d, 0x61, 0x5f, 0x31, 0x31, 0x38, 0xda, 0x08, 0x65, 0x6c,
    0x6f, 0x74, 0x5f, 0x39, 0x32, 0x38, 0xda, 0x05, 0x67, 0x72, 0x65, 0x65, 0x6b, 0xda, 0x06, 0x67,
    0x72, 0x65, 0x65, 0x6b, 0x38, 0xda, 0x0a, 0x69, 0x73, 0x6f, 0x5f, 0x38, 0x38, 0x35, 0x39, 0x5f,
    0x37, 0xda, 0x0f, 0x69, 0x73, 0x6f, 0x5f, 0x38, 0x38, 0x35, 0x39, 0x5f, 0x37, 0x5f, 0x31, 0x39,
    0x38, 0x37, 0xda, 0x0a, 0x69, 0x73, 0x6f, 0x5f, 0x69, 0x72, 0x5f, 0x31, 0x32, 0x36, 0xda, 0x10,
    0x63, 0x73, 0x69, 0x73, 0x6f, 0x6c, 0x61, 0x74, 0x69, 0x6e, 0x68, 0x65, 0x62, 0x72, 0x65, 0x77,
    0xda, 0x09, 0x69, 0x73, 0x6f, 0x38, 0x38, 0x35, 0x39, 0x5f, 0x38, 0xda, 0x06, 0x68, 0x65, 0x62,
    0x72, 0x65, 0x77, 0xda, 0x0a, 0x69, 0x73, 0x6f, 0x5f, 0x38, 0x38, 0x35, 0x39, 0x5f, 0x38, 0xda,
    0x0f, 0x69, 0x73, 0x6f, 0x5f, 0x38, 0x38, 0x35, 0x39, 0x5f, 0x38, 0x5f, 0x31, 0x39, 0x38, 0x38,
    0xda, 0x0a, 0x69, 0x73, 0x6f, 0x5f, 0x69, 0x72, 0x5f, 0x31, 0x33, 0x38, 0xda, 0x0c, 0x69, 0x73,
    0x6f, 0x5f, 0x38, 0x38, 0x35, 0x39, 0x5f, 0x38, 0x5f, 0x69, 0xda, 0x0c, 0x69, 0x73, 0x6f, 0x5f,
    0x38, 0x38, 0x35, 0x39, 0x5f, 0x38, 0x5f, 0x65, 0xda, 0x0b, 0x63, 0x73, 0x69, 0x73, 0x6f, 0x6c,
    0x61, 0x74, 0x69, 0x6e, 0x35, 0xda, 0x09, 0x69, 0x73, 0x6f, 0x38, 0x38, 0x35, 0x39, 0x5f, 0x39,
    0xda, 0x0a, 0x69, 0x73, 0x6f, 0x5f, 0x38, 0x38, 0x35, 0x39, 0x5f, 0x39, 0xda, 0x0f, 0x69, 0x73,
    0x6f, 0x5f, 0x38, 0x38, 0x35, 0x39, 0x5f, 0x39, 0x5f, 0x31, 0x39, 0x38, 0x39, 0xda, 0x0a, 0x69,
    0x73, 0x6f, 0x5f, 0x69, 0x72, 0x5f, 0x31, 0x34, 0x38, 0xda, 0x02, 0x6c, 0x35, 0xda, 0x06, 0x6c,
    0x61, 0x74, 0x69, 0x6e, 0x35, 0xda, 0x06, 0x63, 0x70, 0x31, 0x33, 0x36, 0x31, 0xda, 0x05, 0x6a,
    0x6f, 0x68, 0x61, 0x62, 0xda, 0x06, 0x6d, 0x73, 0x31, 0x33, 0x36, 0x31, 0xda, 0x07, 0x63, 0x73,
    0x6b, 0x6f, 0x69, 0x38, 0x72, 0xda, 0x06, 0x6b, 0x6f, 0x69, 0x38, 0x5f, 0x72, 0xda, 0x07, 0x6b,
    0x7a, 0x5f, 0x31, 0x30, 0x34, 0x38, 0xda, 0x06, 0x6b, 0x7a, 0x31, 0x30, 0x34, 0x38, 0xda, 0x06,
    0x72, 0x6b, 0x31, 0x30, 0x34, 0x38, 0xda, 0x0d, 0x73, 0x74, 0x72, 0x6b, 0x31, 0x30, 0x34, 0x38,
    0x5f, 0x32, 0x30, 0x30, 0x32, 0xda, 0x04, 0x38, 0x38, 0x35, 0x39, 0xda, 0x07, 0x6c, 0x61, 0x74,
    0x69, 0x6e, 0x5f, 0x31, 0xda, 0x05, 0x63, 0x70, 0x38, 0x31, 0x39, 0xda, 0x0b, 0x63, 0x73, 0x69,
    0x73, 0x6f, 0x6c, 0x61, 0x74, 0x69, 0x6e, 0x31, 0xda, 0x06, 0x69, 0x62, 0x6d, 0x38, 0x31, 0x39,
    0xda, 0x07, 0x69, 0x73, 0x6f, 0x38, 0x38, 0x35, 0x39, 0xda, 0x09, 0x69, 0x73, 0x6f, 0x38, 0x38,
    0x35, 0x39, 0x5f, 0x31, 0xda, 0x0a, 0x69, 0x73, 0x6f, 0x5f, 0x38, 0x38, 0x35, 0x39, 0x5f, 0x31,
    0xda, 0x0f, 0x69, 0x73, 0x6f, 0x5f, 0x38, 0x38, 0x35, 0x39, 0x5f, 0x31, 0x5f, 0x31, 0x39, 0x38,
    0x37, 0xda, 0x0a, 0x69, 0x73, 0x6f, 0x5f, 0x69, 0x72, 0x5f, 0x31, 0x30, 0x30, 0xda, 0x02, 0x6c,
    0x31, 0xda, 0x05, 0x6c, 0x61, 0x74, 0x69, 0x6e, 0xda, 0x06, 0x6c, 0x61, 0x74, 0x69, 0x6e, 0x31,
    0xda, 0x0b, 0x6d, 0x61, 0x63, 0x63, 0x79, 0x72, 0x69, 0x6c, 0x6c, 0x69, 0x63, 0xda, 0x0c, 0x6d,
    0x61, 0x63, 0x5f, 0x63, 0x79, 0x72, 0x69, 0x6c, 0x6c, 0x69, 0x63, 0xda, 0x08, 0x6d, 0x61, 0x63,
    0x67, 0x72, 0x65, 0x65, 0x6b, 0xda, 0x09, 0x6d, 0x61, 0x63, 0x5f, 0x67, 0x72, 0x65, 0x65, 0x6b,
    0xda, 0x0a, 0x6d, 0x61, 0x63, 0x69, 0x63, 0x65, 0x6c, 0x61, 0x6e, 0x64, 0xda, 0x0b, 0x6d, 0x61,
    0x63, 0x5f, 0x69, 0x63, 0x65, 0x6c, 0x61, 0x6e, 0x64, 0xda, 0x10, 0x6d, 0x61, 0x63, 0x63, 0x65,
    0x6e, 0x74, 0x72, 0x61, 0x6c, 0x65, 0x75, 0x72, 0x6f, 0x70, 0x65, 0xda, 0x0a, 0x6d, 0x61, 0x63,
    0x5f, 0x6c, 0x61, 0x74, 0x69, 0x6e, 0x32, 0xda, 0x0c, 0x6d, 0x61, 0x63, 0x5f, 0x63, 0x65, 0x6e,
    0x74, 0x65, 0x75, 0x72, 0x6f, 0xda, 0x09, 0x6d, 0x61, 0x63, 0x6c, 0x61, 0x74, 0x69, 0x6e, 0x32,
    0xda, 0x09, 0x6d, 0x61, 0x63, 0x69, 0x6e, 0x74, 0x6f, 0x73, 0x68, 0xda, 0x09, 0x6d, 0x61, 0x63,
    0x5f, 0x72, 0x6f, 0x6d, 0x61, 0x6e, 0xda, 0x08, 0x6d, 0x61, 0x63, 0x72, 0x6f, 0x6d, 0x61, 0x6e,
    0xda, 0x0a, 0x6d, 0x61, 0x63, 0x74, 0x75, 0x72, 0x6b, 0x69, 0x73, 0x68, 0xda, 0x0b, 0x6d, 0x61,
    0x63, 0x5f, 0x74, 0x75, 0x72, 0x6b, 0x69, 0x73, 0x68, 0xda, 0x04, 0x61, 0x6e, 0x73, 0x69, 0xda,
    0x04, 0x6d, 0x62, 0x63, 0x73, 0xda, 0x04, 0x64, 0x62, 0x63, 0x73, 0xda, 0x09, 0x63, 0x73, 0x70,
    0x74, 0x63, 0x70, 0x31, 0x35, 0x34, 0xda, 0x07, 0x70, 0x74, 0x63, 0x70, 0x31, 0x35, 0x34, 0xda,
    0x05, 0x70, 0x74, 0x31, 0x35, 0x34, 0xda, 0x05, 0x63, 0x70, 0x31, 0x35, 0x34, 0xda, 0x0e, 0x63,
    0x79, 0x72, 0x69, 0x6c, 0x6c, 0x69, 0x63, 0x5f, 0x61, 0x73, 0x69, 0x61, 0x6e, 0xda, 0x06, 0x71,
    0x75, 0x6f, 0x70, 0x72, 0x69, 0xda, 0x0c, 0x71, 0x75, 0x6f, 0x70, 0x72, 0x69, 0x5f, 0x63, 0x6f,
    0x64, 0x65, 0x63, 0xda, 0x10, 0x71, 0x75, 0x6f, 0x74, 0x65, 0x64, 0x5f, 0x70, 0x72, 0x69, 0x6e,
    0x74, 0x61, 0x62, 0x6c, 0x65, 0xda, 0x0f, 0x71, 0x75, 0x6f, 0x74, 0x65, 0x64, 0x70, 0x72, 0x69,
    0x6e, 0x74, 0x61, 0x62, 0x6c, 0x65, 0xda, 0x05, 0x72, 0x6f, 0x74, 0x31, 0x33, 0xda, 0x06, 0x72,
    0x6f, 0x74, 0x5f, 0x31, 0x33, 0xda, 0x0a, 0x63, 0x73, 0x73, 0x68, 0x69, 0x66, 0x74, 0x6a, 0x69,
    0x73, 0xda, 0x09, 0x73, 0x68, 0x69, 0x66, 0x74, 0x5f, 0x6a, 0x69, 0x73, 0xda, 0x08, 0x73, 0x68,
    0x69, 0x66, 0x74, 0x6a, 0x69, 0x73, 0xda, 0x04, 0x73, 0x6a, 0x69, 0x73, 0xda, 0x05, 0x73, 0x5f,
    0x6a, 0x69, 0x73, 0xda, 0x0c, 0x73, 0x68, 0x69, 0x66, 0x74, 0x6a, 0x69, 0x73, 0x32, 0x30, 0x30,
    0x34, 0xda, 0x0e, 0x73, 0x68, 0x69, 0x66, 0x74, 0x5f, 0x6a, 0x69, 0x73, 0x5f, 0x32, 0x30, 0x30,
    0x34, 0xda, 0x09, 0x73, 0x6a, 0x69, 0x73, 0x5f, 0x32, 0x30, 0x30, 0x34, 0xda, 0x0a, 0x73, 0x5f,
    0x6a, 0x69, 0x73, 0x5f, 0x32, 0x30, 0x30, 0x34, 0xda, 0x0d, 0x73, 0x68, 0x69, 0x66, 0x74, 0x6a,
    0x69, 0x73, 0x78, 0x30, 0x32, 0x31, 0x33, 0xda, 0x0e, 0x73, 0x68, 0x69, 0x66, 0x74, 0x5f, 0x6a,
    0x69, 0x73, 0x78, 0x30, 0x32, 0x31, 0x33, 0xda, 0x09, 0x73, 0x6a, 0x69, 0x73, 0x78, 0x30, 0x32,
    0x31, 0x33, 0xda, 0x0a, 0x73, 0x5f, 0x6a, 0x69, 0x73, 0x78, 0x30, 0x32, 0x31, 0x33, 0xda, 0x06,
    0x74, 0x69, 0x73, 0x36, 0x32, 0x30, 0xda, 0x07, 0x74, 0x69, 0x73, 0x5f, 0x36, 0x32, 0x30, 0xda,
    0x09, 0x74, 0x69, 0x73, 0x5f, 0x36, 0x32, 0x30, 0x5f, 0x30, 0xda, 0x0e, 0x74, 0x69, 0x73, 0x5f,
    0x36, 0x32, 0x30, 0x5f, 0x32, 0x35, 0x32, 0x39, 0x5f, 0x30, 0xda, 0x0e, 0x74, 0x69, 0x73, 0x5f,
    0x36, 0x32, 0x30, 0x5f, 0x32, 0x35, 0x32, 0x39, 0x5f, 0x31, 0xda, 0x0a, 0x69, 0x73, 0x6f, 0x5f,
    0x69, 0x72, 0x5f, 0x31, 0x36, 0x36, 0xda, 0x03, 0x75, 0x31, 0x36, 0xda, 0x06, 0x75, 0x74, 0x66,
    0x5f, 0x31, 0x36, 0xda, 0x05, 0x75, 0x74, 0x66, 0x31, 0x36, 0xda, 0x12, 0x75, 0x6e, 0x69, 0x63,
    0x6f, 0x64, 0x65, 0x62, 0x69, 0x67, 0x75, 0x6e, 0x6d, 0x61, 0x72, 0x6b, 0x65, 0x64, 0xda, 0x09,
    0x75, 0x74, 0x66, 0x5f, 0x31, 0x36, 0x5f, 0x62, 0x65, 0xda, 0x08, 0x75, 0x74, 0x66, 0x5f, 0x31,
    0x36, 0x62, 0x65, 0xda, 0x15, 0x75, 0x6e, 0x69, 0x63, 0x6f, 0x64, 0x65, 0x6c, 0x69, 0x74, 0x74,
    0x6c, 0x65, 0x75, 0x6e, 0x6d, 0x61, 0x72, 0x6b, 0x65, 0x64, 0xda, 0x09, 0x75, 0x74, 0x66, 0x5f,
    0x31, 0x36, 0x5f, 0x6c, 0x65, 0xda, 0x08, 0x75, 0x74, 0x66, 0x5f, 0x31, 0x36, 0x6c, 0x65, 0xda,
    0x03, 0x75, 0x33, 0x32, 0xda, 0x06, 0x75, 0x74, 0x66, 0x5f, 0x33, 0x32, 0xda, 0x05, 0x75, 0x74,
    0x66, 0x33, 0x32, 0xda, 0x08, 0x75, 0x74, 0x66, 0x5f, 0x33, 0x32, 0x62, 0x65, 0xda, 0x09, 0x75,
    0x74, 0x66, 0x5f, 0x33, 0x32, 0x5f, 0x62, 0x65, 0xda, 0x08, 0x75, 0x74, 0x66, 0x5f, 0x33, 0x32,
    0x6c, 0x65, 0xda, 0x09, 0x75, 0x74, 0x66, 0x5f, 0x33, 0x32, 0x5f, 0x6c, 0x65, 0xda, 0x02, 0x75,
    0x37, 0xda, 0x05, 0x75, 0x74, 0x66, 0x5f, 0x37, 0xda, 0x04, 0x75, 0x74, 0x66, 0x37, 0xda, 0x11,
    0x75, 0x6e, 0x69, 0x63, 0x6f, 0x64, 0x65, 0x5f, 0x31, 0x5f, 0x31, 0x5f, 0x75, 0x74, 0x66, 0x5f,
    0x37, 0xda, 0x02, 0x75, 0x38, 0xda, 0x05, 0x75, 0x74, 0x66, 0x5f, 0x38, 0xda, 0x03, 0x75, 0x74,
    0x66, 0xda, 0x04, 0x75, 0x74, 0x66, 0x38, 0xda, 0x09, 0x75, 0x74, 0x66, 0x38, 0x5f, 0x75, 0x63,
    0x73, 0x32, 0xda, 0x09, 0x75, 0x74, 0x66, 0x38, 0x5f, 0x75, 0x63, 0x73, 0x34, 0xda, 0x07, 0x63,
    0x70, 0x36, 0x35, 0x30, 0x30, 0x31, 0xda, 0x02, 0x75, 0x75, 0xda, 0x08, 0x75, 0x75, 0x5f, 0x63,
    0x6f, 0x64, 0x65, 0x63, 0xda, 0x03, 0x7a, 0x69, 0x70, 0xda, 0x0a, 0x7a, 0x6c, 0x69, 0x62, 0x5f,
    0x63, 0x6f, 0x64, 0x65, 0x63, 0xda, 0x04, 0x7a, 0x6c, 0x69, 0x62, 0xda, 0x0e, 0x78, 0x5f, 0x6d,
    0x61, 0x63, 0x5f, 0x6a, 0x61, 0x70, 0x61, 0x6e, 0x65, 0x73, 0x65, 0xda, 0x0c, 0x78, 0x5f, 0x6d,
    0x61, 0x63, 0x5f, 0x6b, 0x6f, 0x72, 0x65, 0x61, 0x6e, 0xda, 0x12, 0x78, 0x5f, 0x6d, 0x61, 0x63,
    0x5f, 0x73, 0x69, 0x6d, 0x70, 0x5f, 0x63, 0x68, 0x69, 0x6e, 0x65, 0x73, 0x65, 0xda, 0x12, 0x78,
    0x5f, 0x6d, 0x61, 0x63, 0x5f, 0x74, 0x72, 0x61, 0x64, 0x5f, 0x63, 0x68, 0x69, 0x6e, 0x65, 0x73,
    0x65, 0x4e, 0x29, 0x01, 0xda, 0x07, 0x61, 0x6c, 0x69, 0x61, 0x73, 0x65, 0x73, 0xa9, 0x00, 0xf3,
    0x00, 0x00, 0x00, 0x00, 0xda, 0x1a, 0x3c, 0x66, 0x72, 0x6f, 0x7a, 0x65, 0x6e, 0x20, 0x65, 0x6e,
    0x63, 0x6f, 0x64, 0x69, 0x6e, 0x67, 0x73, 0x2e, 0x61, 0x6c, 0x69, 0x61, 0x73, 0x65, 0x73, 0x3e,
    0xda, 0x08, 0x3c, 0x6d, 0x6f, 0x64, 0x75, 0x6c, 0x65, 0x3e, 0x72, 0xba, 0x01, 0x00, 0x00, 0x01,
    0x00, 0x00, 0x00, 0x73, 0xec, 0x13, 0x00, 0x00, 0xf0, 0x03, 0x01, 0x01, 0x01, 0xf0, 0x24, 0x66,
    0x08, 0x0b, 0x02, 0xf0, 0x0a, 0x00, 0x05, 0x0a, 0x98, 0x37, 0xf0, 0x0b, 0x66, 0x08, 0x0b, 0x02,
    0xf0, 0x0c, 0x00, 0x05, 0x15, 0x98, 0x37, 0xf0, 0x0d, 0x66, 0x08, 0x0b, 0x02, 0xf0, 0x0e, 0x00,
    0x05, 0x15, 0x98, 0x37, 0xf0, 0x0f, 0x66, 0x08, 0x0b, 0x02, 0xf0, 0x10, 0x00, 0x05, 0x15, 0x98,
    0x37, 0xf0, 0x11, 0x66, 0x08, 0x0b, 0x02, 0xf0, 0x12, 0x00, 0x05, 0x0c, 0x98, 0x37, 0xf0, 0x13,
    0x66, 0x08, 0x0b, 0x02, 0xf0, 0x14, 0x00, 0x05, 0x0e, 0x98, 0x37, 0xf0, 0x15, 0x66, 0x08, 0x0b,
    0x02, 0xf0, 0x16, 0x00, 0x05, 0x0d, 0x98, 0x37, 0xf0, 0x17, 0x66, 0x08, 0x0b, 0x02, 0xf0, 0x18,
    0x00, 0x05, 0x10, 0x98, 0x37, 0xf0, 0x19, 0x66, 0x08, 0x0b, 0x02, 0xf0, 0x1a, 0x00, 0x05, 0x17,
    0x98, 0x37, 0xf0, 0x1b, 0x66, 0x08, 0x0b, 0x02, 0xf0, 0x1c, 0x00, 0x05, 0x0f, 0x98, 0x37, 0xf0,
    0x1d, 0x66, 0x08, 0x0b, 0x02, 0xf0, 0x1e, 0x00, 0x05, 0x09, 0x98, 0x37, 0xf0, 0x1f, 0x66, 0x08,
    0x0b, 0x02, 0xf0, 0x20, 0x00, 0x05, 0x0f, 0x98, 0x37, 0xf0, 0x21, 0x66, 0x08, 0x0b, 0x02, 0xf0,
    0x26, 0x00, 0x05, 0x0d, 0x98, 0x3e, 0xf0, 0x27, 0x66, 0x08, 0x0b, 0x02, 0xf0, 0x28, 0x00, 0x05,
    0x0e, 0x98, 0x3e, 0xf0, 0x29, 0x66, 0x08, 0x0b, 0x02, 0xf0, 0x2e, 0x00, 0x05, 0x0e, 0x98, 0x36,
    0xf0, 0x2f, 0x66, 0x08, 0x0b, 0x02, 0xf0, 0x30, 0x00, 0x05, 0x0d, 0x98, 0x36, 0xf0, 0x31, 0x66,
    0x08, 0x0b, 0x02, 0xf0, 0x36, 0x00, 0x05, 0x11, 0x98, 0x3b, 0xf1, 0x37, 0x66, 0x08, 0x0b, 0x02,
    0xf0, 0x38, 0x00, 0x05, 0x0c, 0x98, 0x3b, 0xf0, 0x39, 0x66, 0x08, 0x0b, 0x02, 0xf0, 0x3e, 0x00,
    0x05, 0x0a, 0x98, 0x3b, 0xf0, 0x3f, 0x66, 0x08, 0x0b, 0x02, 0xf0, 0x44, 0x01, 0x00, 0x05, 0x0a,
    0x98, 0x37, 0xf0, 0x45, 0x01, 0x66, 0x08, 0x0b, 0x02, 0xf0, 0x46, 0x01, 0x00, 0x05, 0x0f, 0x98,
    0x37, 0xf0, 0x47, 0x01, 0x66, 0x08, 0x0b, 0x02, 0xf0, 0x48, 0x01, 0x00, 0x05, 0x13, 0x98, 0x37,
    0xf0, 0x49, 0x01, 0x66, 0x08, 0x0b, 0x02, 0xf0, 0x4a, 0x01, 0x00, 0x05, 0x13, 0x98, 0x37, 0xf0,
    0x4b, 0x01, 0x66, 0x08, 0x0b, 0x02, 0xf0, 0x4c, 0x01, 0x00, 0x05, 0x13, 0x98, 0x37, 0xf0, 0x4d,
    0x01, 0x66, 0x08, 0x0b, 0x02, 0xf0, 0x4e, 0x01, 0x00, 0x05, 0x13, 0x98, 0x37, 0xf0, 0x4f, 0x01,
    0x66, 0x08, 0x0b, 0x02, 0xf0, 0x50, 0x01, 0x00, 0x05, 0x0d, 0x98, 0x37, 0xf0, 0x51, 0x01, 0x66,
    0x08, 0x0b, 0x02, 0xf0, 0x52, 0x01, 0x00, 0x05, 0x0d, 0x98, 0x37, 0xf0, 0x53, 0x01, 0x66, 0x08,
    0x0b, 0x02, 0xf0, 0x58, 0x01, 0x00, 0x05, 0x0b, 0x98, 0x38, 0xf0, 0x59, 0x01, 0x66, 0x08, 0x0b,
    0x02, 0xf0, 0x5a, 0x01, 0x00, 0x05, 0x10, 0x98, 0x38, 0xf0, 0x5b, 0x01, 0x66, 0x08, 0x0b, 0x02,
    0xf0, 0x5c, 0x01, 0x00, 0x05, 0x0e, 0x98, 0x38, 0xf0, 0x5d, 0x01, 0x66, 0x08, 0x0b, 0x02, 0xf0,
    0x62, 0x01, 0x00, 0x05, 0x0b, 0x98, 0x48, 0xf0, 0x63, 0x01, 0x66, 0x08, 0x0b, 0x02, 0xf0, 0x64,
    0x01, 0x00, 0x05, 0x0e, 0x98, 0x48, 0xf0, 0x65, 0x01, 0x66, 0x08, 0x0b, 0x02, 0xf0, 0x66, 0x01,
    0x00, 0x05, 0x0d, 0x98, 0x48, 0xf0, 0x67, 0x01, 0x66, 0x08, 0x0b, 0x02, 0xf0, 0x68, 0x01, 0x00,
    0x05, 0x0d, 0x98, 0x48, 0xf2, 0x69, 0x01, 0x66, 0x08, 0x0b, 0x02, 0xf0, 0x6e, 0x01, 0x00, 0x05,
    0x0b, 0x98, 0x38, 0xf0, 0x6f, 0x01, 0x66, 0x08, 0x0b, 0x02, 0xf0, 0x70, 0x01, 0x00, 0x05, 0x0e,
    0x98, 0x38, 0xf0, 0x71, 0x01, 0x66, 0x08, 0x0b, 0x02, 0xf0, 0x72, 0x01, 0x00, 0x05, 0x11, 0x98,
    0x38, 0xf0, 0x73, 0x01, 0x66, 0x08, 0x0b, 0x02, 0xf0, 0x74, 0x01, 0x00, 0x05, 0x18, 0x98, 0x38,
    0xf0, 0x75, 0x01, 0x66, 0x08, 0x0b, 0x02, 0xf0, 0x76, 0x01, 0x00, 0x05, 0x0f, 0x98, 0x38, 0xf0,
    0x77, 0x01, 0x66, 0x08, 0x0b, 0x02, 0xf0, 0x78, 0x01, 0x00, 0x05, 0x0e, 0x98, 0x38, 0xf0, 0x79,
    0x01, 0x66, 0x08, 0x0b, 0x02, 0xf0, 0x7e, 0x01, 0x00, 0x05, 0x0b, 0x98, 0x38, 0xf0, 0x7f, 0x01,
    0x66, 0x08, 0x0b, 0x02, 0xf0, 0x40, 0x02, 0x00, 0x05, 0x13, 0x98, 0x38, 0xf0, 0x41, 0x02, 0x66,
    0x08, 0x0b, 0x02, 0xf0, 0x46, 0x02, 0x00, 0x05, 0x0b, 0x98, 0x38, 0xf0, 0x47, 0x02, 0x66, 0x08,
    0x0b, 0x02, 0xf0, 0x48, 0x02, 0x00, 0x05, 0x13, 0x98, 0x38, 0xf0, 0x49, 0x02, 0x66, 0x08, 0x0b,
    0x02, 0xf0, 0x4e, 0x02, 0x00, 0x05, 0x0b, 0x98, 0x38, 0xf0, 0x4f, 0x02, 0x66, 0x08, 0x0b, 0x02,
    0xf0, 0x50, 0x02, 0x00, 0x05, 0x13, 0x98, 0x38, 0xf0, 0x51, 0x02, 0x66, 0x08, 0x0b, 0x02, 0xf0,
    0x56, 0x02, 0x00, 0x05, 0x0b, 0x98, 0x38, 0xf0, 0x57, 0x02, 0x66, 0x08, 0x0b, 0x02, 0xf0, 0x58,
    0x02, 0x00, 0x05, 0x13, 0x98, 0x38, 0xf0, 0x59, 0x02, 0x66, 0x08, 0x0b, 0x02, 0xf0, 0x5e, 0x02,
    0x00, 0x05, 0x0b, 0x98, 0x38, 0xf0, 0x5f, 0x02, 0x66, 0x08, 0x0b, 0x02, 0xf0, 0x60, 0x02, 0x00,
    0x05, 0x13, 0x98, 0x38, 0xf0, 0x61, 0x02, 0x66, 0x08, 0x0b, 0x02, 0xf0, 0x66, 0x02, 0x00, 0x05,
    0x0b, 0x98, 0x38, 0xf2, 0x67, 0x02, 0x66, 0x08, 0x0b, 0x02, 0xf0, 0x68, 0x02, 0x00, 0x05, 0x13,
    0x98, 0x38, 0xf0, 0x69, 0x02, 0x66, 0x08, 0x0b, 0x02, 0xf0, 0x6e, 0x02, 0x00, 0x05, 0x0b, 0x98,
    0x38, 0xf0, 0x6f, 0x02, 0x66, 0x08, 0x0b, 0x02, 0xf0, 0x70, 0x02, 0x00, 0x05, 0x13, 0x98, 0x38,
    0xf0, 0x71, 0x02, 0x66, 0x08, 0x0b, 0x02, 0xf0, 0x76, 0x02, 0x00, 0x05, 0x0b, 0x98, 0x38, 0xf0,
    0x77, 0x02, 0x66, 0x08, 0x0b, 0x02, 0xf0, 0x78, 0x02, 0x00, 0x05, 0x13, 0x98, 0x38, 0xf0, 0x79,
    0x02, 0x66, 0x08, 0x0b, 0x02, 0xf0, 0x7e, 0x02, 0x00, 0x05, 0x0b, 0x98, 0x38, 0xf0, 0x7f, 0x02,
    0x66, 0x08, 0x0b, 0x02, 0xf0, 0x40, 0x03, 0x00, 0x05, 0x13, 0x98, 0x38, 0xf0, 0x41, 0x03, 0x66,
    0x08, 0x0b, 0x02, 0xf0, 0x46, 0x03, 0x00, 0x05, 0x0a, 0x98, 0x37, 0xf0, 0x47, 0x03, 0x66, 0x08,
    0x0b, 0x02, 0xf0, 0x48, 0x03, 0x00, 0x05, 0x0d, 0x98, 0x37, 0xf0, 0x49, 0x03, 0x66, 0x08, 0x0b,
    0x02, 0xf0, 0x4a, 0x03, 0x00, 0x05, 0x0f, 0x98, 0x37, 0xf0, 0x4b, 0x03, 0x66, 0x08, 0x0b, 0x02,
    0xf0, 0x50, 0x03, 0x00, 0x05, 0x0a, 0x98, 0x37, 0xf0, 0x51, 0x03, 0x66, 0x08, 0x0b, 0x02, 0xf0,
    0x52, 0x03, 0x00, 0x05, 0x0f, 0x98, 0x37, 0xf0, 0x53, 0x03, 0x66, 0x08, 0x0b, 0x02, 0xf0, 0x54,
    0x03, 0x00, 0x05, 0x13, 0x98, 0x37, 0xf0, 0x55, 0x03, 0x66, 0x08, 0x0b, 0x02, 0xf0, 0x56, 0x03,
    0x00, 0x05, 0x0d, 0x98, 0x37, 0xf0, 0x57, 0x03, 0x66, 0x08, 0x0b, 0x02, 0xf0, 0x5c, 0x03, 0x00,
    0x05, 0x0a, 0x98, 0x37, 0xf0, 0x5d, 0x03, 0x66, 0x08, 0x0b, 0x02, 0xf0, 0x5e, 0x03, 0x00, 0x05,
    0x17, 0x98, 0x37, 0xf0, 0x5f, 0x03, 0x66, 0x08, 0x0b, 0x02, 0xf0, 0x60, 0x03, 0x00, 0x05, 0x0d,
    0x98, 0x37, 0xf2, 0x61, 0x03, 0x66, 0x08, 0x0b, 0x02, 0xf0, 0x66, 0x03, 0x00, 0x05, 0x0a, 0x98,
    0x37, 0xf0, 0x67, 0x03, 0x66, 0x08, 0x0b, 0x02, 0xf0, 0x68, 0x03, 0x00, 0x05, 0x0f, 0x98, 0x37,
    0xf0, 0x69, 0x03, 0x66, 0x08, 0x0b, 0x02, 0xf0, 0x6a, 0x03, 0x00, 0x05, 0x13, 0x98, 0x37, 0xf0,
    0x6b, 0x03, 0x66, 0x08, 0x0b, 0x02, 0xf0, 0x6c, 0x03, 0x00, 0x05, 0x13, 0x98, 0x37, 0xf0, 0x6d,
    0x03, 0x66, 0x08, 0x0b, 0x02, 0xf0, 0x6e, 0x03, 0x00, 0x05, 0x0d, 0x98, 0x37, 0xf0, 0x6f, 0x03,
    0x66, 0x08, 0x0b, 0x02, 0xf0, 0x74, 0x03, 0x00, 0x05, 0x0a, 0x98, 0x37, 0xf0, 0x75, 0x03, 0x66,
    0x08, 0x0b, 0x02, 0xf0, 0x76, 0x03, 0x00, 0x05, 0x14, 0x98, 0x37, 0xf0, 0x77, 0x03, 0x66, 0x08,
    0x0b, 0x02, 0xf0, 0x78, 0x03, 0x00, 0x05, 0x0d, 0x98, 0x37, 0xf0, 0x79, 0x03, 0x66, 0x08, 0x0b,
    0x02, 0xf0, 0x7e, 0x03, 0x00, 0x05, 0x0a, 0x98, 0x37, 0xf0, 0x7f, 0x03, 0x66, 0x08, 0x0b, 0x02,
    0xf0, 0x40, 0x04, 0x00, 0x05, 0x1a, 0x98, 0x47, 0xf0, 0x41, 0x04, 0x66, 0x08, 0x0b, 0x02, 0xf0,
    0x42, 0x04, 0x00, 0x05, 0x0d, 0x98, 0x37, 0xf0, 0x43, 0x04, 0x66, 0x08, 0x0b, 0x02, 0xf0, 0x48,
    0x04, 0x00, 0x05, 0x0a, 0x98, 0x37, 0xf0, 0x49, 0x04, 0x66, 0x08, 0x0b, 0x02, 0xf0, 0x4a, 0x04,
    0x00, 0x05, 0x0f, 0x98, 0x37, 0xf0, 0x4b, 0x04, 0x66, 0x08, 0x0b, 0x02, 0xf0, 0x4c, 0x04, 0x00,
    0x05, 0x0d, 0x98, 0x37, 0xf0, 0x4d, 0x04, 0x66, 0x08, 0x0b, 0x02, 0xf0, 0x52, 0x04, 0x00, 0x05,
    0x0a, 0x98, 0x37, 0xf0, 0x53, 0x04, 0x66, 0x08, 0x0b, 0x02, 0xf0, 0x54, 0x04, 0x00, 0x05, 0x0f,
    0x98, 0x37, 0xf0, 0x55, 0x04, 0x66, 0x08, 0x0b, 0x02, 0xf0, 0x56, 0x04, 0x00, 0x05, 0x0d, 0x98,
    0x37, 0xf2, 0x57, 0x04, 0x66, 0x08, 0x0b, 0x02, 0xf0, 0x5c, 0x04, 0x00, 0x05, 0x0a, 0x98, 0x37,
    0xf0, 0x5d, 0x04, 0x66, 0x08, 0x0b, 0x02, 0xf0, 0x5e, 0x04, 0x00, 0x05, 0x0f, 0x98, 0x37, 0xf0,
    0x5f, 0x04, 0x66, 0x08, 0x0b, 0x02, 0xf0, 0x60, 0x04, 0x00, 0x05, 0x0d, 0x98, 0x37, 0xf0, 0x61,
    0x04, 0x66, 0x08, 0x0b, 0x02, 0xf0, 0x66, 0x04, 0x00, 0x05, 0x0a, 0x98, 0x37, 0xf0, 0x67, 0x04,
    0x66, 0x08, 0x0b, 0x02, 0xf0, 0x68, 0x04, 0x00, 0x05, 0x0e, 0x98, 0x37, 0xf0, 0x69, 0x04, 0x66,
    0x08, 0x0b, 0x02, 0xf0, 0x6a, 0x04, 0x00, 0x05, 0x11, 0x98, 0x37, 0xf0, 0x6b, 0x04, 0x66, 0x08,
    0x0b, 0x02, 0xf0, 0x6c, 0x04, 0x00, 0x05, 0x0f, 0x98, 0x37, 0xf0, 0x6d, 0x04, 0x66, 0x08, 0x0b,
    0x02, 0xf0, 0x6e, 0x04, 0x00, 0x05, 0x0f, 0x98, 0x37, 0xf0, 0x6f, 0x04, 0x66, 0x08, 0x0b, 0x02,
    0xf0, 0x70, 0x04, 0x00, 0x05, 0x0d, 0x98, 0x37, 0xf0, 0x71, 0x04, 0x66, 0x08, 0x0b, 0x02, 0xf0,
    0x72, 0x04, 0x00, 0x05, 0x1f, 0xa0, 0x17, 0xf0, 0x73, 0x04, 0x66, 0x08, 0x0b, 0x02, 0xf0, 0x78,
    0x04, 0x00, 0x05, 0x0a, 0x98, 0x37, 0xf0, 0x79, 0x04, 0x66, 0x08, 0x0b, 0x02, 0xf0, 0x7a, 0x04,
    0x00, 0x05, 0x0f, 0x98, 0x37, 0xf0, 0x7b, 0x04, 0x66, 0x08, 0x0b, 0x02, 0xf0, 0x7c, 0x04, 0x00,
    0x05, 0x0d, 0x98, 0x37, 0xf0, 0x7d, 0x04, 0x66, 0x08, 0x0b, 0x02, 0xf0, 0x42, 0x05, 0x00, 0x05,
    0x0a, 0x98, 0x37, 0xf0, 0x43, 0x05, 0x66, 0x08, 0x0b, 0x02, 0xf0, 0x44, 0x05, 0x00, 0x05, 0x0c,
    0x98, 0x37, 0xf0, 0x45, 0x05, 0x66, 0x08, 0x0b, 0x02, 0xf0, 0x46, 0x05, 0x00, 0x05, 0x0f, 0x98,
    0x37, 0xf0, 0x47, 0x05, 0x66, 0x08, 0x0b, 0x02, 0xf0, 0x48, 0x05, 0x00, 0x05, 0x0d, 0x98, 0x37,
    0xf2, 0x49, 0x05, 0x66, 0x08, 0x0b, 0x02, 0xf0, 0x4e, 0x05, 0x00, 0x05, 0x0a, 0x98, 0x37, 0xf0,
    0x4f, 0x05, 0x66, 0x08, 0x0b, 0x02, 0xf0, 0x50, 0x05, 0x00, 0x05, 0x19, 0x98, 0x37, 0xf0, 0x51,
    0x05, 0x66, 0x08, 0x0b, 0x02, 0xf0, 0x52, 0x05, 0x00, 0x05, 0x0d, 0x98, 0x37, 0xf0, 0x53, 0x05,
    0x66, 0x08, 0x0b, 0x02, 0xf0, 0x58, 0x05, 0x00, 0x05, 0x0a, 0x98, 0x37, 0xf0, 0x59, 0x05, 0x66,
    0x08, 0x0b, 0x02, 0xf0, 0x5a, 0x05, 0x00, 0x05, 0x0f, 0x98, 0x37, 0xf0, 0x5b, 0x05, 0x66, 0x08,
    0x0b, 0x02, 0xf0, 0x5c, 0x05, 0x00, 0x05, 0x0d, 0x98, 0x37, 0xf0, 0x5d, 0x05, 0x66, 0x08, 0x0b,
    0x02, 0xf0, 0x62, 0x05, 0x00, 0x05, 0x0a, 0x98, 0x37, 0xf0, 0x63, 0x05, 0x66, 0x08, 0x0b, 0x02,
    0xf0, 0x64, 0x05, 0x00, 0x05, 0x0f, 0x98, 0x37, 0xf0, 0x65, 0x05, 0x66, 0x08, 0x0b, 0x02, 0xf0,
    0x66, 0x05, 0x00, 0x05, 0x0d, 0x98, 0x37, 0xf0, 0x67, 0x05, 0x66, 0x08, 0x0b, 0x02, 0xf0, 0x6c,
    0x05, 0x00, 0x05, 0x0a, 0x98, 0x37, 0xf0, 0x6d, 0x05, 0x66, 0x08, 0x0b, 0x02, 0xf0, 0x6e, 0x05,
    0x00, 0x05, 0x0f, 0x98, 0x37, 0xf0, 0x6f, 0x05, 0x66, 0x08, 0x0b, 0x02, 0xf0, 0x70, 0x05, 0x00,
    0x05, 0x0d, 0x98, 0x37, 0xf0, 0x71, 0x05, 0x66, 0x08, 0x0b, 0x02, 0xf0, 0x76, 0x05, 0x00, 0x05,
    0x0a, 0x98, 0x37, 0xf0, 0x77, 0x05, 0x66, 0x08, 0x0b, 0x02, 0xf0, 0x78, 0x05, 0x00, 0x05, 0x0f,
    0x98, 0x37, 0xf0, 0x79, 0x05, 0x66, 0x08, 0x0b, 0x02, 0xf0, 0x7a, 0x05, 0x00, 0x05, 0x0d, 0x98,
    0x37, 0xf0, 0x7b, 0x05, 0x66, 0x08, 0x0b, 0x02, 0xf0, 0x40, 0x06, 0x00, 0x05, 0x0a, 0x98, 0x37,
    0xf0, 0x41, 0x06, 0x66, 0x08, 0x0b, 0x02, 0xf0, 0x42, 0x06, 0x00, 0x05, 0x0c, 0x98, 0x37, 0xf2,
    0x43, 0x06, 0x66, 0x08, 0x0b, 0x02, 0xf0, 0x44, 0x06, 0x00, 0x05, 0x0f, 0x98, 0x37, 0xf0, 0x45,
    0x06, 0x66, 0x08, 0x0b, 0x02, 0xf0, 0x46, 0x06, 0x00, 0x05, 0x0d, 0x98, 0x37, 0xf0, 0x47, 0x06,
    0x66, 0x08, 0x0b, 0x02, 0xf0, 0x4c, 0x06, 0x00, 0x05, 0x0a, 0x98, 0x37, 0xf0, 0x4d, 0x06, 0x66,
    0x08, 0x0b, 0x02, 0xf0, 0x4e, 0x06, 0x00, 0x05, 0x0c, 0x98, 0x37, 0xf0, 0x4f, 0x06, 0x66, 0x08,
    0x0b, 0x02, 0xf0, 0x50, 0x06, 0x00, 0x05, 0x12, 0x98, 0x37, 0xf0, 0x51, 0x06, 0x66, 0x08, 0x0b,
    0x02, 0xf0, 0x56, 0x06, 0x00, 0x05, 0x0a, 0x98, 0x37, 0xf0, 0x57, 0x06, 0x66, 0x08, 0x0b, 0x02,
    0xf0, 0x58, 0x06, 0x00, 0x05, 0x0c, 0x98, 0x37, 0xf0, 0x59, 0x06, 0x66, 0x08, 0x0b, 0x02, 0xf0,
    0x5a, 0x06, 0x00, 0x05, 0x0e, 0x98, 0x37, 0xf0, 0x5b, 0x06, 0x66, 0x08, 0x0b, 0x02, 0xf0, 0x5c,
    0x06, 0x00, 0x05, 0x0f, 0x98, 0x37, 0xf0, 0x5d, 0x06, 0x66, 0x08, 0x0b, 0x02, 0xf0, 0x5e, 0x06,
    0x00, 0x05, 0x12, 0x98, 0x37, 0xf0, 0x5f, 0x06, 0x66, 0x08, 0x0b, 0x02, 0xf0, 0x64, 0x06, 0x00,
    0x05, 0x0a, 0x98, 0x37, 0xf0, 0x65, 0x06, 0x66, 0x08, 0x0b, 0x02, 0xf0, 0x66, 0x06, 0x00, 0x05,
    0x0c, 0x98, 0x37, 0xf0, 0x67, 0x06, 0x66, 0x08, 0x0b, 0x02, 0xf0, 0x68, 0x06, 0x00, 0x05, 0x0a,
    0x98, 0x37, 0xf0, 0x69, 0x06, 0x66, 0x08, 0x0b, 0x02, 0xf0, 0x6e, 0x06, 0x00, 0x05, 0x0a, 0x98,
    0x37, 0xf0, 0x6f, 0x06, 0x66, 0x08, 0x0b, 0x02, 0xf0, 0x70, 0x06, 0x00, 0x05, 0x0c, 0x98, 0x37,
    0xf0, 0x71, 0x06, 0x66, 0x08, 0x0b, 0x02, 0xf0, 0x76, 0x06, 0x00, 0x05, 0x0f, 0x98, 0x3e, 0xf0,
    0x77, 0x06, 0x66, 0x08, 0x0b, 0x02, 0xf0, 0x78, 0x06, 0x00, 0x05, 0x11, 0x98, 0x3e, 0xf2, 0x79,
    0x06, 0x66, 0x08, 0x0b, 0x02, 0xf0, 0x7a, 0x06, 0x00, 0x05, 0x12, 0x98, 0x3e, 0xf0, 0x7b, 0x06,
    0x66, 0x08, 0x0b, 0x02, 0xf0, 0x40, 0x07, 0x00, 0x05, 0x12, 0x98, 0x3e, 0xf0, 0x41, 0x07, 0x66,
    0x08, 0x0b, 0x02, 0xf0, 0x46, 0x07, 0x00, 0x05, 0x0c, 0x98, 0x38, 0xf0, 0x47, 0x07, 0x66, 0x08,
    0x0b, 0x02, 0xf0, 0x48, 0x07, 0x00, 0x05, 0x0b, 0x98, 0x38, 0xf0, 0x49, 0x07, 0x66, 0x08, 0x0b,
    0x02, 0xf0, 0x4a, 0x07, 0x00, 0x05, 0x0c, 0x98, 0x38, 0xf0, 0x4b, 0x07, 0x66, 0x08, 0x0b, 0x02,
    0xf0, 0x50, 0x07, 0x00, 0x05, 0x0c, 0x98, 0x38, 0xf0, 0x51, 0x07, 0x66, 0x08, 0x0b, 0x02, 0xf0,
    0x52, 0x07, 0x00, 0x05, 0x0d, 0x98, 0x38, 0xf0, 0x53, 0x07, 0x66, 0x08, 0x0b, 0x02, 0xf0, 0x54,
    0x07, 0x00, 0x05, 0x0e, 0x98, 0x38, 0xf0, 0x55, 0x07, 0x66, 0x08, 0x0b, 0x02, 0xf0, 0x56, 0x07,
    0x00, 0x05, 0x10, 0x98, 0x38, 0xf0, 0x57, 0x07, 0x66, 0x08, 0x0b, 0x02, 0xf0, 0x58, 0x07, 0x00,
    0x05, 0x15, 0x98, 0x38, 0xf0, 0x59, 0x07, 0x66, 0x08, 0x0b, 0x02, 0xf0, 0x5a, 0x07, 0x00, 0x05,
    0x0e, 0x98, 0x38, 0xf0, 0x5b, 0x07, 0x66, 0x08, 0x0b, 0x02, 0xf0, 0x5c, 0x07, 0x00, 0x05, 0x10,
    0x98, 0x38, 0xf0, 0x5d, 0x07, 0x66, 0x08, 0x0b, 0x02, 0xf0, 0x5e, 0x07, 0x00, 0x05, 0x0e, 0x98,
    0x38, 0xf0, 0x5f, 0x07, 0x66, 0x08, 0x0b, 0x02, 0xf0, 0x64, 0x07, 0x00, 0x05, 0x13, 0x98, 0x39,
    0xf0, 0x65, 0x07, 0x66, 0x08, 0x0b, 0x02, 0xf0, 0x6a, 0x07, 0x00, 0x05, 0x0e, 0x98, 0x38, 0xf0,
    0x6b, 0x07, 0x66, 0x08, 0x0b, 0x02, 0xf0, 0x6c, 0x07, 0x00, 0x05, 0x16, 0x98, 0x38, 0xf0, 0x6d,
    0x07, 0x66, 0x08, 0x0b, 0x02, 0xf0, 0x6e, 0x07, 0x00, 0x05, 0x0d, 0x98, 0x38, 0xf2, 0x6f, 0x07,
    0x66, 0x08, 0x0b, 0x02, 0xf0, 0x70, 0x07, 0x00, 0x05, 0x0c, 0x98, 0x38, 0xf0, 0x71, 0x07, 0x66,
    0x08, 0x0b, 0x02, 0xf0, 0x72, 0x07, 0x00, 0x05, 0x13, 0x98, 0x38, 0xf0, 0x73, 0x07, 0x66, 0x08,
    0x0b, 0x02, 0xf0, 0x74, 0x07, 0x00, 0x05, 0x12, 0x98, 0x38, 0xf0, 0x75, 0x07, 0x66, 0x08, 0x0b,
    0x02, 0xf0, 0x76, 0x07, 0x00, 0x05, 0x10, 0x98, 0x38, 0xf0, 0x77, 0x07, 0x66, 0x08, 0x0b, 0x02,
    0xf0, 0x78, 0x07, 0x00, 0x05, 0x10, 0x98, 0x38, 0xf0, 0x79, 0x07, 0x66, 0x08, 0x0b, 0x02, 0xf0,
    0x7e, 0x07, 0x00, 0x05, 0x0a, 0x98, 0x35, 0xf0, 0x7f, 0x07, 0x66, 0x08, 0x0b, 0x02, 0xf0, 0x40,
    0x08, 0x00, 0x05, 0x0c, 0x98, 0x35, 0xf0, 0x41, 0x08, 0x66, 0x08, 0x0b, 0x02, 0xf0, 0x42, 0x08,
    0x00, 0x05, 0x0c, 0x98, 0x35, 0xf0, 0x43, 0x08, 0x66, 0x08, 0x0b, 0x02, 0xf0, 0x48, 0x08, 0x00,
    0x05, 0x0a, 0x98, 0x3b, 0xf0, 0x49, 0x08, 0x66, 0x08, 0x0b, 0x02, 0xf0, 0x4e, 0x08, 0x00, 0x05,
    0x0d, 0x98, 0x3b, 0xf0, 0x4f, 0x08, 0x66, 0x08, 0x0b, 0x02, 0xf0, 0x50, 0x08, 0x00, 0x05, 0x09,
    0x98, 0x3b, 0xf0, 0x51, 0x08, 0x66, 0x08, 0x0b, 0x02, 0xf0, 0x52, 0x08, 0x00, 0x05, 0x11, 0x98,
    0x3b, 0xf0, 0x53, 0x08, 0x66, 0x08, 0x0b, 0x02, 0xf0, 0x54, 0x08, 0x00, 0x05, 0x0d, 0x98, 0x3b,
    0xf0, 0x55, 0x08, 0x66, 0x08, 0x0b, 0x02, 0xf0, 0x56, 0x08, 0x00, 0x05, 0x0e, 0x98, 0x3b, 0xf0,
    0x57, 0x08, 0x66, 0x08, 0x0b, 0x02, 0xf0, 0x5c, 0x08, 0x00, 0x05, 0x0b, 0x98, 0x34, 0xf0, 0x5d,
    0x08, 0x66, 0x08, 0x0b, 0x02, 0xf0, 0x5e, 0x08, 0x00, 0x05, 0x0c, 0x98, 0x34, 0xf0, 0x5f, 0x08,
    0x66, 0x08, 0x0b, 0x02, 0xf0, 0x60, 0x08, 0x00, 0x05, 0x11, 0x98, 0x34, 0xf2, 0x61, 0x08, 0x66,
    0x08, 0x0b, 0x02, 0xf0, 0x66, 0x08, 0x00, 0x05, 0x12, 0x98, 0x3c, 0xf0, 0x67, 0x08, 0x66, 0x08,
    0x0b, 0x02, 0xf0, 0x68, 0x08, 0x00, 0x05, 0x10, 0x98, 0x3c, 0xf0, 0x69, 0x08, 0x66, 0x08, 0x0b,
    0x02, 0xf0, 0x6a, 0x08, 0x00, 0x05, 0x12, 0x98, 0x3c, 0xf0, 0x6b, 0x08, 0x66, 0x08, 0x0b, 0x02,
    0xf0, 0x70, 0x08, 0x00, 0x05, 0x12, 0x98, 0x3e, 0xf0, 0x71, 0x08, 0x66, 0x08, 0x0b, 0x02, 0xf0,
    0x72, 0x08, 0x00, 0x05, 0x14, 0x98, 0x3e, 0xf0, 0x73, 0x08, 0x66, 0x08, 0x0b, 0x02, 0xf0, 0x78,
    0x08, 0x00, 0x05, 0x12, 0x98, 0x3e, 0xf0, 0x79, 0x08, 0x66, 0x08, 0x0b, 0x02, 0xf0, 0x7a, 0x08,
    0x00, 0x05, 0x14, 0x98, 0x3e, 0xf0, 0x7b, 0x08, 0x66, 0x08, 0x0b, 0x02, 0xf0, 0x40, 0x09, 0x00,
    0x05, 0x17, 0xd0, 0x1b, 0x2c, 0xf0, 0x41, 0x09, 0x66, 0x08, 0x0b, 0x02, 0xf0, 0x42, 0x09, 0x00,
    0x05, 0x15, 0xd0, 0x1b, 0x2c, 0xf0, 0x43, 0x09, 0x66, 0x08, 0x0b, 0x02, 0xf0, 0x48, 0x09, 0x00,
    0x05, 0x12, 0x98, 0x3e, 0xf0, 0x49, 0x09, 0x66, 0x08, 0x0b, 0x02, 0xf0, 0x4a, 0x09, 0x00, 0x05,
    0x14, 0x98, 0x3e, 0xf0, 0x4b, 0x09, 0x66, 0x08, 0x0b, 0x02, 0xf0, 0x50, 0x09, 0x00, 0x05, 0x14,
    0xd0, 0x1b, 0x2b, 0xf0, 0x51, 0x09, 0x66, 0x08, 0x0b, 0x02, 0xf0, 0x52, 0x09, 0x00, 0x05, 0x16,
    0xd0, 0x1b, 0x2b, 0xf0, 0x53, 0x09, 0x66, 0x08, 0x0b, 0x02, 0xf0, 0x58, 0x09, 0x00, 0x05, 0x12,
    0x98, 0x3c, 0xf0, 0x59, 0x09, 0x66, 0x08, 0x0b, 0x02, 0xf0, 0x5a, 0x09, 0x00, 0x05, 0x10, 0x98,
    0x3c, 0xf0, 0x5b, 0x09, 0x66, 0x08, 0x0b, 0x02, 0xf0, 0x5c, 0x09, 0x00, 0x05, 0x12, 0x98, 0x3c,
    0xf0, 0x5d, 0x09, 0x66, 0x08, 0x0b, 0x02, 0xf0, 0x62, 0x09, 0x00, 0x05, 0x12, 0x98, 0x3c, 0xf2,
    0x63, 0x09, 0x66, 0x08, 0x0b, 0x02, 0xf0, 0x64, 0x09, 0x00, 0x05, 0x12, 0x98, 0x3c, 0xf0, 0x65,
    0x09, 0x66, 0x08, 0x0b, 0x02, 0xf0, 0x66, 0x09, 0x00, 0x05, 0x17, 0x98, 0x3c, 0xf0, 0x67, 0x09,
    0x66, 0x08, 0x0b, 0x02, 0xf0, 0x68, 0x09, 0x00, 0x05, 0x11, 0x98, 0x3c, 0xf0, 0x69, 0x09, 0x66,
    0x08, 0x0b, 0x02, 0xf0, 0x6a, 0x09, 0x00, 0x05, 0x09, 0x98, 0x3c, 0xf0, 0x6b, 0x09, 0x66, 0x08,
    0x0b, 0x02, 0xf0, 0x6c, 0x09, 0x00, 0x05, 0x0d, 0x98, 0x3c, 0xf0, 0x6d, 0x09, 0x66, 0x08, 0x0b,
    0x02, 0xf0, 0x72, 0x09, 0x00, 0x05, 0x0b, 0x98, 0x3c, 0xf0, 0x73, 0x09, 0x66, 0x08, 0x0b, 0x02,
    0xf0, 0x74, 0x09, 0x00, 0x05, 0x12, 0x98, 0x3c, 0xf0, 0x75, 0x09, 0x66, 0x08, 0x0b, 0x02, 0xf0,
    0x76, 0x09, 0x00, 0x05, 0x17, 0x98, 0x3c, 0xf0, 0x77, 0x09, 0x66, 0x08, 0x0b, 0x02, 0xf0, 0x7c,
    0x09, 0x00, 0x05, 0x12, 0x98, 0x3c, 0xf0, 0x7d, 0x09, 0x66, 0x08, 0x0b, 0x02, 0xf1, 0x7e, 0x09,
    0x00, 0x05, 0x09, 0x98, 0x3c, 0xf0, 0x7f, 0x09, 0x66, 0x08, 0x0b, 0x02, 0xf1, 0x40, 0x0a, 0x00,
    0x05, 0x0d, 0x98, 0x3c, 0xf0, 0x41, 0x0a, 0x66, 0x08, 0x0b, 0x02, 0xf1, 0x46, 0x0a, 0x00, 0x05,
    0x12, 0x99, 0x3c, 0xf0, 0x47, 0x0a, 0x66, 0x08, 0x0b, 0x02, 0xf1, 0x48, 0x0a, 0x00, 0x05, 0x17,
    0x99, 0x3c, 0xf0, 0x49, 0x0a, 0x66, 0x08, 0x0b, 0x02, 0xf1, 0x4a, 0x0a, 0x00, 0x05, 0x11, 0x99,
    0x3c, 0xf0, 0x4b, 0x0a, 0x66, 0x08, 0x0b, 0x02, 0xf1, 0x4c, 0x0a, 0x00, 0x05, 0x11, 0x99, 0x3c,
    0xf0, 0x4d, 0x0a, 0x66, 0x08, 0x0b, 0x02, 0xf1, 0x4e, 0x0a, 0x00, 0x05, 0x09, 0x99, 0x3c, 0xf0,
    0x4f, 0x0a, 0x66, 0x08, 0x0b, 0x02, 0xf1, 0x50, 0x0a, 0x00, 0x05, 0x0d, 0x99, 0x3c, 0xf2, 0x51,
    0x0a, 0x66, 0x08, 0x0b, 0x02, 0xf1, 0x56, 0x0a, 0x00, 0x05, 0x12, 0x99, 0x3c, 0xf0, 0x57, 0x0a,
    0x66, 0x08, 0x0b, 0x02, 0xf1, 0x58, 0x0a, 0x00, 0x05, 0x09, 0x99, 0x3c, 0xf0, 0x59, 0x0a, 0x66,
    0x08, 0x0b, 0x02, 0xf1, 0x5a, 0x0a, 0x00, 0x05, 0x0d, 0x99, 0x3c, 0xf0, 0x5b, 0x0a, 0x66, 0x08,
    0x0b, 0x02, 0xf1, 0x60, 0x0a, 0x00, 0x05, 0x12, 0x99, 0x3c, 0xf0, 0x61, 0x0a, 0x66, 0x08, 0x0b,
    0x02, 0xf1, 0x62, 0x0a, 0x00, 0x05, 0x17, 0x99, 0x3c, 0xf0, 0x63, 0x0a, 0x66, 0x08, 0x0b, 0x02,
    0xf1, 0x64, 0x0a, 0x00, 0x05, 0x11, 0x99, 0x3c, 0xf0, 0x65, 0x0a, 0x66, 0x08, 0x0b, 0x02, 0xf1,
    0x66, 0x0a, 0x00, 0x05, 0x0a, 0x99, 0x3c, 0xf0, 0x67, 0x0a, 0x66, 0x08, 0x0b, 0x02, 0xf1, 0x68,
    0x0a, 0x00, 0x05, 0x0e, 0x99, 0x3c, 0xf0, 0x69, 0x0a, 0x66, 0x08, 0x0b, 0x02, 0xf1, 0x6e, 0x0a,
    0x00, 0x05, 0x12, 0x99, 0x3b, 0xf0, 0x6f, 0x0a, 0x66, 0x08, 0x0b, 0x02, 0xf1, 0x70, 0x0a, 0x00,
    0x05, 0x11, 0x99, 0x3b, 0xf0, 0x71, 0x0a, 0x66, 0x08, 0x0b, 0x02, 0xf1, 0x72, 0x0a, 0x00, 0x05,
    0x16, 0x99, 0x3b, 0xf0, 0x73, 0x0a, 0x66, 0x08, 0x0b, 0x02, 0xf1, 0x74, 0x0a, 0x00, 0x05, 0x11,
    0x99, 0x3b, 0xf0, 0x75, 0x0a, 0x66, 0x08, 0x0b, 0x02, 0xf1, 0x76, 0x0a, 0x00, 0x05, 0x09, 0x99,
    0x3b, 0xf0, 0x77, 0x0a, 0x66, 0x08, 0x0b, 0x02, 0xf1, 0x78, 0x0a, 0x00, 0x05, 0x0d, 0x99, 0x3b,
    0xf0, 0x79, 0x0a, 0x66, 0x08, 0x0b, 0x02, 0xf1, 0x7e, 0x0a, 0x00, 0x05, 0x12, 0x99, 0x3b, 0xf0,
    0x7f, 0x0a, 0x66, 0x08, 0x0b, 0x02, 0xf1, 0x40, 0x0b, 0x00, 0x05, 0x11, 0x99, 0x3b, 0xf0, 0x41,
    0x0b, 0x66, 0x08, 0x0b, 0x02, 0xf1, 0x42, 0x0b, 0x00, 0x05, 0x16, 0x99, 0x3b, 0xf2, 0x43, 0x0b,
    0x66, 0x08, 0x0b, 0x02, 0xf1, 0x44, 0x0b, 0x00, 0x05, 0x11, 0x99, 0x3b, 0xf0, 0x45, 0x0b, 0x66,
    0x08, 0x0b, 0x02, 0xf1, 0x46, 0x0b, 0x00, 0x05, 0x09, 0x99, 0x3b, 0xf0, 0x47, 0x0b, 0x66, 0x08,
    0x0b, 0x02, 0xf1, 0x48, 0x0b, 0x00, 0x05, 0x0d, 0x99, 0x3b, 0xf0, 0x49, 0x0b, 0x66, 0x08, 0x0b,
    0x02, 0xf1, 0x4e, 0x0b, 0x00, 0x05, 0x12, 0x99, 0x3b, 0xf0, 0x4f, 0x0b, 0x66, 0x08, 0x0b, 0x02,
    0xf1, 0x50, 0x0b, 0x00, 0x05, 0x11, 0x99, 0x3b, 0xf0, 0x51, 0x0b, 0x66, 0x08, 0x0b, 0x02, 0xf1,
    0x52, 0x0b, 0x00, 0x05, 0x16, 0x99, 0x3b, 0xf0, 0x53, 0x0b, 0x66, 0x08, 0x0b, 0x02, 0xf1, 0x54,
    0x0b, 0x00, 0x05, 0x11, 0x99, 0x3b, 0xf0, 0x55, 0x0b, 0x66, 0x08, 0x0b, 0x02, 0xf1, 0x56, 0x0b,
    0x00, 0x05, 0x09, 0x99, 0x3b, 0xf0, 0x57, 0x0b, 0x66, 0x08, 0x0b, 0x02, 0xf1, 0x58, 0x0b, 0x00,
    0x05, 0x0d, 0x99, 0x3b, 0xf0, 0x59, 0x0b, 0x66, 0x08, 0x0b, 0x02, 0xf1, 0x5e, 0x0b, 0x00, 0x05,
    0x19, 0x99, 0x3b, 0xf0, 0x5f, 0x0b, 0x66, 0x08, 0x0b, 0x02, 0xf1, 0x60, 0x0b, 0x00, 0x05, 0x0f,
    0x99, 0x3b, 0xf0, 0x61, 0x0b, 0x66, 0x08, 0x0b, 0x02, 0xf1, 0x62, 0x0b, 0x00, 0x05, 0x11, 0x99,
    0x3b, 0xf0, 0x63, 0x0b, 0x66, 0x08, 0x0b, 0x02, 0xf1, 0x64, 0x0b, 0x00, 0x05, 0x16, 0x99, 0x3b,
    0xf0, 0x65, 0x0b, 0x66, 0x08, 0x0b, 0x02, 0xf1, 0x66, 0x0b, 0x00, 0x05, 0x11, 0x99, 0x3b, 0xf0,
    0x67, 0x0b, 0x66, 0x08, 0x0b, 0x02, 0xf1, 0x6c, 0x0b, 0x00, 0x05, 0x0d, 0x99, 0x3b, 0xf0, 0x6d,
    0x0b, 0x66, 0x08, 0x0b, 0x02, 0xf1, 0x6e, 0x0b, 0x00, 0x05, 0x0f, 0x99, 0x3b, 0xf0, 0x6f, 0x0b,
    0x66, 0x08, 0x0b, 0x02, 0xf1, 0x70, 0x0b, 0x00, 0x05, 0x17, 0x99, 0x3b, 0xf2, 0x71, 0x0b, 0x66,
    0x08, 0x0b, 0x02, 0xf1, 0x72, 0x0b, 0x00, 0x05, 0x0f, 0x99, 0x3b, 0xf0, 0x73, 0x0b, 0x66, 0x08,
    0x0b, 0x02, 0xf1, 0x74, 0x0b, 0x00, 0x05, 0x11, 0x99, 0x3b, 0xf0, 0x75, 0x0b, 0x66, 0x08, 0x0b,
    0x02, 0xf1, 0x76, 0x0b, 0x00, 0x05, 0x16, 0x99, 0x3b, 0xf0, 0x77, 0x0b, 0x66, 0x08, 0x0b, 0x02,
    0xf1, 0x78, 0x0b, 0x00, 0x05, 0x11, 0x99, 0x3b, 0xf0, 0x79, 0x0b, 0x66, 0x08, 0x0b, 0x02, 0xf1,
    0x7e, 0x0b, 0x00, 0x05, 0x16, 0x99, 0x3b, 0xf0, 0x7f, 0x0b, 0x66, 0x08, 0x0b, 0x02, 0xf1, 0x40,
    0x0c, 0x00, 0x05, 0x0f, 0x99, 0x3b, 0xf0, 0x41, 0x0c, 0x66, 0x08, 0x0b, 0x02, 0xf1, 0x42, 0x0c,
    0x00, 0x05, 0x0f, 0x99, 0x3b, 0xf0, 0x43, 0x0c, 0x66, 0x08, 0x0b, 0x02, 0xf1, 0x44, 0x0c, 0x00,
    0x05, 0x0c, 0x99, 0x3b, 0xf0, 0x45, 0x0c, 0x66, 0x08, 0x0b, 0x02, 0xf1, 0x46, 0x0c, 0x00, 0x05,
    0x0d, 0x99, 0x3b, 0xf0, 0x47, 0x0c, 0x66, 0x08, 0x0b, 0x02, 0xf1, 0x48, 0x0c, 0x00, 0x05, 0x11,
    0x99, 0x3b, 0xf0, 0x49, 0x0c, 0x66, 0x08, 0x0b, 0x02, 0xf1, 0x4a, 0x0c, 0x00, 0x05, 0x16, 0x99,
    0x3b, 0xf0, 0x4b, 0x0c, 0x66, 0x08, 0x0b, 0x02, 0xf1, 0x4c, 0x0c, 0x00, 0x05, 0x11, 0x99, 0x3b,
    0xf0, 0x4d, 0x0c, 0x66, 0x08, 0x0b, 0x02, 0xf1, 0x52, 0x0c, 0x00, 0x05, 0x17, 0x99, 0x3b, 0xf0,
    0x53, 0x0c, 0x66, 0x08, 0x0b, 0x02, 0xf1, 0x54, 0x0c, 0x00, 0x05, 0x0d, 0x99, 0x3b, 0xf0, 0x55,
    0x0c, 0x66, 0x08, 0x0b, 0x02, 0xf1, 0x56, 0x0c, 0x00, 0x05, 0x11, 0x99, 0x3b, 0xf0, 0x57, 0x0c,
    0x66, 0x08, 0x0b, 0x02, 0xf1, 0x58, 0x0c, 0x00, 0x05, 0x16, 0x99, 0x3b, 0xf0, 0x59, 0x0c, 0x66,
    0x08, 0x0b, 0x02, 0xf1, 0x5a, 0x0c, 0x00, 0x05, 0x11, 0x99, 0x3b, 0xf2, 0x5b, 0x0c, 0x66, 0x08,
    0x0b, 0x02, 0xf1, 0x5c, 0x0c, 0x00, 0x05, 0x13, 0x99, 0x3b, 0xf0, 0x5d, 0x0c, 0x66, 0x08, 0x0b,
    0x02, 0xf1, 0x5e, 0x0c, 0x00, 0x05, 0x13, 0x99, 0x3b, 0xf0, 0x5f, 0x0c, 0x66, 0x08, 0x0b, 0x02,
    0xf1, 0x64, 0x0c, 0x00, 0x05, 0x12, 0x99, 0x3b, 0xf0, 0x65, 0x0c, 0x66, 0x08, 0x0b, 0x02, 0xf1,
    0x66, 0x0c, 0x00, 0x05, 0x11, 0x99, 0x3b, 0xf0, 0x67, 0x0c, 0x66, 0x08, 0x0b, 0x02, 0xf1, 0x68,
    0x0c, 0x00, 0x05, 0x16, 0x99, 0x3b, 0xf0, 0x69, 0x0c, 0x66, 0x08, 0x0b, 0x02, 0xf1, 0x6a, 0x0c,
    0x00, 0x05, 0x11, 0x99, 0x3b, 0xf0, 0x6b, 0x0c, 0x66, 0x08, 0x0b, 0x02, 0xf1, 0x6c, 0x0c, 0x00,
    0x05, 0x09, 0x99, 0x3b, 0xf0, 0x6d, 0x0c, 0x66, 0x08, 0x0b, 0x02, 0xf1, 0x6e, 0x0c, 0x00, 0x05,
    0x0d, 0x99, 0x3b, 0xf0, 0x6f, 0x0c, 0x66, 0x08, 0x0b, 0x02, 0xf1, 0x74, 0x0c, 0x00, 0x05, 0x0d,
    0x99, 0x37, 0xf0, 0x75, 0x0c, 0x66, 0x08, 0x0b, 0x02, 0xf1, 0x76, 0x0c, 0x00, 0x05, 0x0d, 0x99,
    0x37, 0xf0, 0x77, 0x0c, 0x66, 0x08, 0x0b, 0x02, 0xf1, 0x7c, 0x0c, 0x00, 0x05, 0x0e, 0x99, 0x38,
    0xf0, 0x7d, 0x0c, 0x66, 0x08, 0x0b, 0x02, 0xf1, 0x42, 0x0d, 0x00, 0x05, 0x0e, 0x99, 0x28, 0xf0,
    0x43, 0x0d, 0x66, 0x08, 0x0b, 0x02, 0xf1, 0x44, 0x0d, 0x00, 0x05, 0x0d, 0x99, 0x28, 0xf0, 0x45,
    0x0d, 0x66, 0x08, 0x0b, 0x02, 0xf1, 0x46, 0x0d, 0x00, 0x05, 0x14, 0x99, 0x28, 0xf0, 0x47, 0x0d,
    0x66, 0x08, 0x0b, 0x02, 0xf1, 0x58, 0x0d, 0x00, 0x05, 0x0b, 0x99, 0x39, 0xf0, 0x59, 0x0d, 0x66,
    0x08, 0x0b, 0x02, 0xf1, 0x5a, 0x0d, 0x00, 0x05, 0x0c, 0x99, 0x39, 0xf0, 0x5b, 0x0d, 0x66, 0x08,
    0x0b, 0x02, 0xf1, 0x5c, 0x0d, 0x00, 0x05, 0x12, 0x99, 0x39, 0xf2, 0x5d, 0x0d, 0x66, 0x08, 0x0b,
    0x02, 0xf1, 0x5e, 0x0d, 0x00, 0x05, 0x0d, 0x99, 0x39, 0xf0, 0x5f, 0x0d, 0x66, 0x08, 0x0b, 0x02,
    0xf1, 0x60, 0x0d, 0x00, 0x05, 0x0e, 0x99, 0x39, 0xf0, 0x61, 0x0d, 0x66, 0x08, 0x0b, 0x02, 0xf1,
    0x62, 0x0d, 0x00, 0x05, 0x10, 0x99, 0x39, 0xf0, 0x63, 0x0d, 0x66, 0x08, 0x0b, 0x02, 0xf1, 0x64,
    0x0d, 0x00, 0x05, 0x11, 0x99, 0x39, 0xf0, 0x65, 0x0d, 0x66, 0x08, 0x0b, 0x02, 0xf1, 0x66, 0x0d,
    0x00, 0x05, 0x16, 0x99, 0x39, 0xf0, 0x67, 0x0d, 0x66, 0x08, 0x0b, 0x02, 0xf1, 0x68, 0x0d, 0x00,
    0x05, 0x11, 0x99, 0x39, 0xf0, 0x69, 0x0d, 0x66, 0x08, 0x0b, 0x02, 0xf1, 0x6a, 0x0d, 0x00, 0x05,
    0x09, 0x99, 0x39, 0xf0, 0x6b, 0x0d, 0x66, 0x08, 0x0b, 0x02, 0xf1, 0x6c, 0x0d, 0x00, 0x05, 0x0c,
    0x99, 0x39, 0xf0, 0x6d, 0x0d, 0x66, 0x08, 0x0b, 0x02, 0xf1, 0x6e, 0x0d, 0x00, 0x05, 0x0d, 0x99,
    0x39, 0xf0, 0x6f, 0x0d, 0x66, 0x08, 0x0b, 0x02, 0xf1, 0x74, 0x0d, 0x00, 0x05, 0x12, 0x99, 0x3e,
    0xf0, 0x75, 0x0d, 0x66, 0x08, 0x0b, 0x02, 0xf1, 0x7a, 0x0d, 0x00, 0x05, 0x0f, 0x99, 0x3b, 0xf0,
    0x7b, 0x0d, 0x66, 0x08, 0x0b, 0x02, 0xf1, 0x40, 0x0e, 0x00, 0x05, 0x11, 0x99, 0x3d, 0xf0, 0x41,
    0x0e, 0x66, 0x08, 0x0b, 0x02, 0xf1, 0x46, 0x0e, 0x00, 0x05, 0x17, 0x99, 0x3c, 0xf0, 0x47, 0x0e,
    0x66, 0x08, 0x0b, 0x02, 0xf1, 0x48, 0x0e, 0x00, 0x05, 0x13, 0x99, 0x3c, 0xf0, 0x49, 0x0e, 0x66,
    0x08, 0x0b, 0x02, 0xf1, 0x4a, 0x0e, 0x00, 0x05, 0x10, 0x99, 0x3c, 0xf0, 0x4b, 0x0e, 0x66, 0x08,
    0x0b, 0x02, 0xf1, 0x50, 0x0e, 0x00, 0x05, 0x10, 0x99, 0x3b, 0xf0, 0x51, 0x0e, 0x66, 0x08, 0x0b,
    0x02, 0xf1, 0x52, 0x0e, 0x00, 0x05, 0x0f, 0x99, 0x3b, 0xf2, 0x53, 0x0e, 0x66, 0x08, 0x0b, 0x02,
    0xf1, 0x58, 0x0e, 0x00, 0x05, 0x11, 0x99, 0x3d, 0xf0, 0x59, 0x0e, 0x66, 0x08, 0x0b, 0x02, 0xf1,
    0x5e, 0x0e, 0x00, 0x05, 0x0b, 0x99, 0x36, 0xf0, 0x5f, 0x0e, 0x66, 0x08, 0x0b, 0x02, 0xf1, 0x60,
    0x0e, 0x00, 0x05, 0x0b, 0x99, 0x36, 0xf0, 0x61, 0x0e, 0x66, 0x08, 0x0b, 0x02, 0xf1, 0x66, 0x0e,
    0x00, 0x05, 0x10, 0x99, 0x39, 0xf0, 0x67, 0x0e, 0x66, 0x08, 0x0b, 0x02, 0xf1, 0x68, 0x0e, 0x00,
    0x05, 0x0c, 0x99, 0x39, 0xf0, 0x69, 0x0e, 0x66, 0x08, 0x0b, 0x02, 0xf1, 0x6a, 0x0e, 0x00, 0x05,
    0x0c, 0x99, 0x39, 0xf0, 0x6b, 0x0e, 0x66, 0x08, 0x0b, 0x02, 0xf1, 0x6c, 0x0e, 0x00, 0x05, 0x15,
    0x99, 0x39, 0xf0, 0x6d, 0x0e, 0x66, 0x08, 0x0b, 0x02, 0xf1, 0x72, 0x0e, 0x00, 0x05, 0x0d, 0x99,
    0x3e, 0xf0, 0x73, 0x0e, 0x66, 0x08, 0x0b, 0x02, 0xf1, 0x74, 0x0e, 0x00, 0x05, 0x17, 0x99, 0x3e,
    0xf0, 0x75, 0x0e, 0x66, 0x08, 0x0b, 0x02, 0xf1, 0x76, 0x0e, 0x00, 0x05, 0x16, 0x99, 0x3e, 0xf0,
    0x77, 0x0e, 0x66, 0x08, 0x0b, 0x02, 0xf1, 0x7c, 0x0e, 0x00, 0x05, 0x0c, 0x99, 0x38, 0xf0, 0x7d,
    0x0e, 0x66, 0x08, 0x0b, 0x02, 0xf1, 0x42, 0x0f, 0x00, 0x05, 0x11, 0x99, 0x3b, 0xf0, 0x43, 0x0f,
    0x66, 0x08, 0x0b, 0x02, 0xf1, 0x44, 0x0f, 0x00, 0x05, 0x0f, 0x99, 0x3b, 0xf0, 0x45, 0x0f, 0x66,
    0x08, 0x0b, 0x02, 0xf1, 0x46, 0x0f, 0x00, 0x05, 0x0b, 0x99, 0x3b, 0xf0, 0x47, 0x0f, 0x66, 0x08,
    0x0b, 0x02, 0xf1, 0x48, 0x0f, 0x00, 0x05, 0x0c, 0x99, 0x3b, 0xf0, 0x49, 0x0f, 0x66, 0x08, 0x0b,
    0x02, 0xf1, 0x4e, 0x0f, 0x00, 0x05, 0x13, 0xd1, 0x1b, 0x2b, 0xf0, 0x4f, 0x0f, 0x66, 0x08, 0x0b,
    0x02, 0xf1, 0x50, 0x0f, 0x00, 0x05, 0x10, 0xd1, 0x1b, 0x2b, 0xf2, 0x51, 0x0f, 0x66, 0x08, 0x0b,
    0x02, 0xf1, 0x52, 0x0f, 0x00, 0x05, 0x11, 0xd1, 0x1b, 0x2b, 0xf0, 0x53, 0x0f, 0x66, 0x08, 0x0b,
    0x02, 0xf1, 0x58, 0x0f, 0x00, 0x05, 0x14, 0xd1, 0x1b, 0x2b, 0xf0, 0x59, 0x0f, 0x66, 0x08, 0x0b,
    0x02, 0xf1, 0x5a, 0x0f, 0x00, 0x05, 0x10, 0xd1, 0x1b, 0x2b, 0xf0, 0x5b, 0x0f, 0x66, 0x08, 0x0b,
    0x02, 0xf1, 0x5c, 0x0f, 0x00, 0x05, 0x11, 0xd1, 0x1b, 0x2b, 0xf0, 0x5d, 0x0f, 0x66, 0x08, 0x0b,
    0x02, 0xf1, 0x62, 0x0f, 0x00, 0x05, 0x0d, 0x99, 0x39, 0xf0, 0x63, 0x0f, 0x66, 0x08, 0x0b, 0x02,
    0xf1, 0x64, 0x0f, 0x00, 0x05, 0x10, 0x99, 0x39, 0xf0, 0x65, 0x0f, 0x66, 0x08, 0x0b, 0x02, 0xf1,
    0x66, 0x0f, 0x00, 0x05, 0x15, 0x99, 0x39, 0xf0, 0x67, 0x0f, 0x66, 0x08, 0x0b, 0x02, 0xf1, 0x68,
    0x0f, 0x00, 0x05, 0x15, 0x99, 0x39, 0xf0, 0x69, 0x0f, 0x66, 0x08, 0x0b, 0x02, 0xf1, 0x6a, 0x0f,
    0x00, 0x05, 0x11, 0x99, 0x39, 0xf0, 0x6b, 0x0f, 0x66, 0x08, 0x0b, 0x02, 0xf1, 0x70, 0x0f, 0x00,
    0x05, 0x0a, 0x99, 0x38, 0xf0, 0x71, 0x0f, 0x66, 0x08, 0x0b, 0x02, 0xf1, 0x72, 0x0f, 0x00, 0x05,
    0x0c, 0x99, 0x38, 0xf0, 0x73, 0x0f, 0x66, 0x08, 0x0b, 0x02, 0xf1, 0x78, 0x0f, 0x00, 0x05, 0x19,
    0x99, 0x3b, 0xf0, 0x79, 0x0f, 0x66, 0x08, 0x0b, 0x02, 0xf1, 0x7a, 0x0f, 0x00, 0x05, 0x0f, 0x99,
    0x3b, 0xf0, 0x7b, 0x0f, 0x66, 0x08, 0x0b, 0x02, 0xf1, 0x40, 0x10, 0x00, 0x05, 0x1c, 0x99, 0x6b,
    0xf0, 0x41, 0x10, 0x66, 0x08, 0x0b, 0x02, 0xf1, 0x42, 0x10, 0x00, 0x05, 0x0f, 0x99, 0x3b, 0xf0,
    0x43, 0x10, 0x66, 0x08, 0x0b, 0x02, 0xf1, 0x48, 0x10, 0x00, 0x05, 0x0a, 0x99, 0x38, 0xf0, 0x49,
    0x10, 0x66, 0x08, 0x0b, 0x02, 0xf1, 0x4a, 0x10, 0x00, 0x05, 0x0c, 0x99, 0x38, 0xf2, 0x4b, 0x10,
    0x66, 0x08, 0x0b, 0x02, 0xf1, 0x50, 0x10, 0x00, 0x05, 0x0f, 0x99, 0x3b, 0xf0, 0x51, 0x10, 0x66,
    0x08, 0x0b, 0x02, 0xf1, 0x56, 0x10, 0x00, 0x05, 0x0f, 0x99, 0x3b, 0xf0, 0x57, 0x10, 0x66, 0x08,
    0x0b, 0x02, 0xf1, 0x5c, 0x10, 0x00, 0x05, 0x09, 0x99, 0x37, 0xf0, 0x5d, 0x10, 0x66, 0x08, 0x0b,
    0x02, 0xf1, 0x5e, 0x10, 0x00, 0x05, 0x0b, 0x99, 0x37, 0xf0, 0x5f, 0x10, 0x66, 0x08, 0x0b, 0x02,
    0xf1, 0x60, 0x10, 0x00, 0x05, 0x18, 0x99, 0x37, 0xf0, 0x61, 0x10, 0x66, 0x08, 0x0b, 0x02, 0xf1,
    0x66, 0x10, 0x00, 0x05, 0x09, 0x99, 0x37, 0xf0, 0x67, 0x10, 0x66, 0x08, 0x0b, 0x02, 0xf1, 0x68,
    0x10, 0x00, 0x05, 0x0a, 0x99, 0x37, 0xf0, 0x69, 0x10, 0x66, 0x08, 0x0b, 0x02, 0xf1, 0x6a, 0x10,
    0x00, 0x05, 0x0b, 0x99, 0x37, 0xf0, 0x6b, 0x10, 0x66, 0x08, 0x0b, 0x02, 0xf1, 0x6c, 0x10, 0x00,
    0x05, 0x10, 0x99, 0x37, 0xf0, 0x6d, 0x10, 0x66, 0x08, 0x0b, 0x02, 0xf1, 0x6e, 0x10, 0x00, 0x05,
    0x10, 0x99, 0x37, 0xf0, 0x6f, 0x10, 0x66, 0x08, 0x0b, 0x02, 0xf1, 0x70, 0x10, 0x00, 0x05, 0x0e,
    0x99, 0x37, 0xf0, 0x71, 0x10, 0x66, 0x08, 0x0b, 0x02, 0xf1, 0x76, 0x10, 0x00, 0x05, 0x09, 0x99,
    0x3a, 0xf0, 0x77, 0x10, 0x66, 0x08, 0x0b, 0x02, 0xf1, 0x7c, 0x10, 0x00, 0x05, 0x0a, 0x99, 0x3c,
    0xf0, 0x7d, 0x10, 0x66, 0x08, 0x0b, 0x02, 0xf1, 0x7e, 0x10, 0x00, 0x05, 0x0b, 0x99, 0x3c, 0xf0,
    0x7f, 0x10, 0x66, 0x08, 0x0b, 0x02, 0xf1, 0x44, 0x11, 0x00, 0x05, 0x15, 0x99, 0x4b, 0xf0, 0x45,
    0x11, 0x66, 0x08, 0x0b, 0x02, 0xf1, 0x46, 0x11, 0x00, 0x05, 0x13, 0x98, 0x48, 0xf0, 0x47, 0x11,
    0x66, 0x08, 0x0b, 0x02, 0xf1, 0x48, 0x11, 0x00, 0x05, 0x19, 0x98, 0x48, 0xf1, 0x49, 0x11, 0x66,
    0x08, 0x0b, 0x02, 0xf1, 0x4a, 0x11, 0x00, 0x05, 0x19, 0x98, 0x46, 0xf1, 0x4b, 0x11, 0x66, 0x08,
    0x0b, 0x02, 0x83, 0x07, 0x72, 0xb8, 0x01, 0x00, 0x00,
};

static const unsigned char kFrozen2[] = {
    0x63, 0x00, 0x00, 0x00, 0x00, 0x00, 0x00, 0x00, 0x00, 0x00, 0x00, 0x00, 0x00, 0x05, 0x00, 0x00,
    0x00, 0x00, 0x00, 0x00, 0x00, 0xf3, 0xde, 0x00, 0x00, 0x00, 0x80, 0x00, 0x5e, 0x00, 0x52, 0x01,
    0x49, 0x00, 0x74, 0x00, 0x5d, 0x00, 0x50, 0x02, 0x00, 0x00, 0x00, 0x00, 0x00, 0x00, 0x00, 0x00,
    0x00, 0x00, 0x00, 0x00, 0x00, 0x00, 0x00, 0x00, 0x00, 0x00, 0x74, 0x02, 0x52, 0x0c, 0x52, 0x02,
    0x17, 0x00, 0x6c, 0x01, 0x74, 0x03, 0x15, 0x00, 0x21, 0x00, 0x52, 0x03, 0x17, 0x00, 0x52, 0x04,
    0x5d, 0x00, 0x50, 0x08, 0x00, 0x00, 0x00, 0x00, 0x00, 0x00, 0x00, 0x00, 0x00, 0x00, 0x00, 0x00,
    0x00, 0x00, 0x00, 0x00, 0x00, 0x00, 0x34, 0x03, 0x00, 0x00, 0x00, 0x00, 0x00, 0x00, 0x74, 0x04,
    0x15, 0x00, 0x21, 0x00, 0x52, 0x05, 0x17, 0x00, 0x52, 0x06, 0x5d, 0x00, 0x50, 0x0a, 0x00, 0x00,
    0x00, 0x00, 0x00, 0x00, 0x00, 0x00, 0x00, 0x00, 0x00, 0x00, 0x00, 0x00, 0x00, 0x00, 0x00, 0x00,
    0x34, 0x03, 0x00, 0x00, 0x00, 0x00, 0x00, 0x00, 0x74, 0x06, 0x15, 0x00, 0x21, 0x00, 0x52, 0x07,
    0x17, 0x00, 0x52, 0x08, 0x5d, 0x00, 0x50, 0x0e, 0x00, 0x00, 0x00, 0x00, 0x00, 0x00, 0x00, 0x00,
    0x00, 0x00, 0x00, 0x00, 0x00, 0x00, 0x00, 0x00, 0x00, 0x00, 0x34, 0x03, 0x00, 0x00, 0x00, 0x00,
    0x00, 0x00, 0x74, 0x07, 0x15, 0x00, 0x21, 0x00, 0x52, 0x09, 0x17, 0x00, 0x52, 0x0a, 0x5d, 0x00,
    0x50, 0x10, 0x00, 0x00, 0x00, 0x00, 0x00, 0x00, 0x00, 0x00, 0x00, 0x00, 0x00, 0x00, 0x00, 0x00,
    0x00, 0x00, 0x00, 0x00, 0x34, 0x03, 0x00, 0x00, 0x00, 0x00, 0x00, 0x00, 0x74, 0x08, 0x52, 0x0b,
    0x17, 0x00, 0x74, 0x09, 0x52, 0x01, 0x23, 0x00, 0x29, 0x0d, 0xe9, 0x00, 0x00, 0x00, 0x00, 0x4e,
    0x63, 0x02, 0x00, 0x00, 0x00, 0x00, 0x00, 0x00, 0x00, 0x00, 0x00, 0x00, 0x00, 0x05, 0x00, 0x00,
    0x00, 0x03, 0x00, 0x00, 0x00, 0xf3, 0x30, 0x00, 0x00, 0x00, 0x80, 0x00, 0x5c, 0x00, 0x00, 0x00,
    0x00, 0x00, 0x00, 0x00, 0x00, 0x00, 0x50, 0x02, 0x00, 0x00, 0x00, 0x00, 0x00, 0x00, 0x00, 0x00,
    0x00, 0x00, 0x00, 0x00, 0x00, 0x00, 0x00, 0x00, 0x00, 0x00, 0x21, 0x00, 0x57, 0x01, 0x52, 0x00,
    0x34, 0x03, 0x00, 0x00, 0x00, 0x00, 0x00, 0x00, 0x23, 0x00, 0x29, 0x01, 0x54, 0x29, 0x02, 0xda,
    0x06, 0x63, 0x6f, 0x64, 0x65, 0x63, 0x73, 0xda, 0x0c, 0x75, 0x74, 0x66, 0x5f, 0x38, 0x5f, 0x64,
    0x65, 0x63, 0x6f, 0x64, 0x65, 0x29, 0x02, 0xda, 0x05, 0x69, 0x6e, 0x70, 0x75, 0x74, 0xda, 0x06,
    0x65, 0x72, 0x72, 0x6f, 0x72, 0x73, 0x73, 0x02, 0x00, 0x00, 0x00, 0x26, 0x26, 0xda, 0x18, 0x3c,
    0x66, 0x72, 0x6f, 0x7a, 0x65, 0x6e, 0x20, 0x65, 0x6e, 0x63, 0x6f, 0x64, 0x69, 0x6e, 0x67, 0x73,
    0x2e, 0x75, 0x74, 0x66, 0x5f, 0x38, 0x3e, 0xda, 0x06, 0x64, 0x65, 0x63, 0x6f, 0x64, 0x65, 0x72,
    0x08, 0x00, 0x00, 0x00, 0x0f, 0x00, 0x00, 0x00, 0x73, 0x15, 0x00, 0x00, 0x00, 0x80, 0x00, 0xdc,
    0x0b, 0x11, 0xd7, 0x0b, 0x1e, 0xd2, 0x0b, 0x1e, 0x98, 0x75, 0xa8, 0x64, 0xd3, 0x0b, 0x33, 0xd0,
    0x04, 0x33, 0xf3, 0x00, 0x00, 0x00, 0x00, 0x63, 0x00, 0x00, 0x00, 0x00, 0x00, 0x00, 0x00, 0x00,
    0x00, 0x00, 0x00, 0x00, 0x02, 0x00, 0x00, 0x00, 0x00, 0x00, 0x00, 0x00, 0xf3, 0x2a, 0x00, 0x00,
    0x00, 0x61, 0x00, 0x80, 0x00, 0x5d, 0x00, 0x74, 0x01, 0x52, 0x00, 0x74, 0x02, 0x5e, 0x12, 0x74,
    0x03, 0x16, 0x00, 0x6f, 0x00, 0x52, 0x04, 0x52, 0x01, 0x17, 0x00, 0x6c, 0x01, 0x74, 0x04, 0x52,
    0x02, 0x74, 0x05, 0x56, 0x00, 0x74, 0x06, 0x52, 0x03, 0x23, 0x00, 0x29, 0x05, 0xda, 0x12, 0x49,
    0x6e, 0x63, 0x72, 0x65, 0x6d, 0x65, 0x6e, 0x74, 0x61, 0x6c, 0x45, 0x6e, 0x63, 0x6f, 0x64, 0x65,
    0x72, 0x63, 0x03, 0x00, 0x00, 0x00, 0x00, 0x00, 0x00, 0x00, 0x00, 0x00, 0x00, 0x00, 0x04, 0x00,
    0x00, 0x00, 0x03, 0x00, 0x00, 0x08, 0xf3, 0x50, 0x00, 0x00, 0x00, 0x80, 0x00, 0x5c, 0x00, 0x00,
    0x00, 0x00, 0x00, 0x00, 0x00, 0x00, 0x00, 0x50, 0x02, 0x00, 0x00, 0x00, 0x00, 0x00, 0x00, 0x00,
    0x00, 0x00, 0x00, 0x00, 0x00, 0x00, 0x00, 0x00, 0x00, 0x00, 0x00, 0x21, 0x00, 0x57, 0x10, 0x50,
    0x04, 0x00, 0x00, 0x00, 0x00, 0x00, 0x00, 0x00, 0x00, 0x00, 0x00, 0x00, 0x00, 0x00, 0x00, 0x00,
    0x00, 0x00, 0x00, 0x34, 0x02, 0x00, 0x00, 0x00, 0x00, 0x00, 0x00, 0x5e, 0x00, 0x2c, 0x1a, 0x00,
    0x00, 0x00, 0x00, 0x00, 0x00, 0x00, 0x00, 0x00, 0x00, 0x23, 0x00, 0x29, 0x01, 0x72, 0x01, 0x00,
    0x00, 0x00, 0x29, 0x03, 0x72, 0x03, 0x00, 0x00, 0x00, 0xda, 0x0c, 0x75, 0x74, 0x66, 0x5f, 0x38,
    0x5f, 0x65, 0x6e, 0x63, 0x6f, 0x64, 0x65, 0x72, 0x06, 0x00, 0x00, 0x00, 0x29, 0x03, 0xda, 0x04,
    0x73, 0x65, 0x6c, 0x66, 0x72, 0x05, 0x00, 0x00, 0x00, 0xda, 0x05, 0x66, 0x69, 0x6e, 0x61, 0x6c,
    0x73, 0x03, 0x00, 0x00, 0x00, 0x26, 0x26, 0x26, 0x72, 0x07, 0x00, 0x00, 0x00, 0xda, 0x06, 0x65,
    0x6e, 0x63, 0x6f, 0x64, 0x65, 0xda, 0x19, 0x49, 0x6e, 0x63, 0x72, 0x65, 0x6d, 0x65, 0x6e, 0x74,
    0x61, 0x6c, 0x45, 0x6e, 0x63, 0x6f, 0x64, 0x65, 0x72, 0x2e, 0x65, 0x6e, 0x63, 0x6f, 0x64, 0x65,
    0x13, 0x00, 0x00, 0x00, 0x73, 0x1c, 0x00, 0x00, 0x00, 0x80, 0x00, 0xdc, 0x0f, 0x15, 0xd7, 0x0f,
    0x22, 0xd2, 0x0f, 0x22, 0xa0, 0x35, 0xaf, 0x2b, 0xa9, 0x2b, 0xd3, 0x0f, 0x36, 0xb0, 0x71, 0xd5,
    0x0f, 0x39, 0xd0, 0x08, 0x39, 0x72, 0x09, 0x00, 0x00, 0x00, 0xa9, 0x00, 0x4e, 0x29, 0x01, 0x46,
    0x29, 0x07, 0xda, 0x08, 0x5f, 0x5f, 0x6e, 0x61, 0x6d, 0x65, 0x5f, 0x5f, 0xda, 0x0a, 0x5f, 0x5f,
    0x6d, 0x6f, 0x64, 0x75, 0x6c, 0x65, 0x5f, 0x5f, 0xda, 0x0c, 0x5f, 0x5f, 0x71, 0x75, 0x61, 0x6c,
    0x6e, 0x61, 0x6d, 0x65, 0x5f, 0x5f, 0xda, 0x0f, 0x5f, 0x5f, 0x66, 0x69, 0x72, 0x73, 0x74, 0x6c,
    0x69, 0x6e, 0x65, 0x6e, 0x6f, 0x5f, 0x5f, 0x72, 0x10, 0x00, 0x00, 0x00, 0xda, 0x15, 0x5f, 0x5f,
    0x73, 0x74, 0x61, 0x74, 0x69, 0x63, 0x5f, 0x61, 0x74, 0x74, 0x72, 0x69, 0x62, 0x75, 0x74, 0x65,
    0x73, 0x5f, 0x5f, 0xda, 0x11, 0x5f, 0x5f, 0x63, 0x6c, 0x61, 0x73, 0x73, 0x64, 0x69, 0x63, 0x74,
    0x63, 0x65, 0x6c, 0x6c, 0x5f, 0x5f, 0x29, 0x01, 0xda, 0x0d, 0x5f, 0x5f, 0x63, 0x6c, 0x61, 0x73,
    0x73, 0x64, 0x69, 0x63, 0x74, 0x5f, 0x5f, 0x73, 0x01, 0x00, 0x00, 0x00, 0x40, 0x72, 0x07, 0x00,
    0x00, 0x00, 0x72, 0x0b, 0x00, 0x00, 0x00, 0x72, 0x0b, 0x00, 0x00, 0x00, 0x12, 0x00, 0x00, 0x00,
    0x73, 0x0f, 0x00, 0x00, 0x00, 0xf8, 0x87, 0x00, 0x80, 0x00, 0xf7, 0x02, 0x01, 0x05, 0x3a, 0xf2,
    0x00, 0x01, 0x05, 0x3a, 0x72, 0x09, 0x00, 0x00, 0x00, 0x72, 0x0b, 0x00, 0x00, 0x00, 0x63, 0x00,
    0x00, 0x00, 0x00, 0x00, 0x00, 0x00, 0x00, 0x00, 0x00, 0x00, 0x00, 0x01, 0x00, 0x00, 0x00, 0x00,
    0x00, 0x00, 0x00, 0xf3, 0x2e, 0x00, 0x00, 0x00, 0x80, 0x00, 0x5d, 0x00, 0x74, 0x01, 0x52, 0x00,
    0x74, 0x02, 0x5e, 0x16, 0x74, 0x03, 0x5d, 0x04, 0x50, 0x0a, 0x00, 0x00, 0x00, 0x00, 0x00, 0x00,
    0x00, 0x00, 0x00, 0x00, 0x00, 0x00, 0x00, 0x00, 0x00, 0x00, 0x00, 0x00, 0x74, 0x06, 0x52, 0x01,
    0x74, 0x07, 0x52, 0x02, 0x23, 0x00, 0x29, 0x03, 0xda, 0x12, 0x49, 0x6e, 0x63, 0x72, 0x65, 0x6d,
    0x65, 0x6e, 0x74, 0x61, 0x6c, 0x44, 0x65, 0x63, 0x6f, 0x64, 0x65, 0x72, 0x72, 0x12, 0x00, 0x00,
    0x00, 0x4e, 0x29, 0x08, 0x72, 0x13, 0x00, 0x00, 0x00, 0x72, 0x14, 0x00, 0x00, 0x00, 0x72, 0x15,
    0x00, 0x00, 0x00, 0x72, 0x16, 0x00, 0x00, 0x00, 0x72, 0x03, 0x00, 0x00, 0x00, 0x72, 0x04, 0x00,
    0x00, 0x00, 0xda, 0x0e, 0x5f, 0x62, 0x75, 0x66, 0x66, 0x65, 0x72, 0x5f, 0x64, 0x65, 0x63, 0x6f,
    0x64, 0x65, 0x72, 0x17, 0x00, 0x00, 0x00, 0x72, 0x12, 0x00, 0x00, 0x00, 0x72, 0x09, 0x00, 0x00,
    0x00, 0x72, 0x07, 0x00, 0x00, 0x00, 0x72, 0x1b, 0x00, 0x00, 0x00, 0x72, 0x1b, 0x00, 0x00, 0x00,
    0x16, 0x00, 0x00, 0x00, 0x73, 0x0d, 0x00, 0x00, 0x00, 0x86, 0x00, 0xd8, 0x15, 0x1b, 0xd7, 0x15,
    0x28, 0xd1, 0x15, 0x28, 0x84, 0x4e, 0x72, 0x09, 0x00, 0x00, 0x00, 0x72, 0x1b, 0x00, 0x00, 0x00,
    0x63, 0x00, 0x00, 0x00, 0x00, 0x00, 0x00, 0x00, 0x00, 0x00, 0x00, 0x00, 0x00, 0x01, 0x00, 0x00,
    0x00, 0x00, 0x00, 0x00, 0x00, 0xf3, 0x2e, 0x00, 0x00, 0x00, 0x80, 0x00, 0x5d, 0x00, 0x74, 0x01,
    0x52, 0x00, 0x74, 0x02, 0x5e, 0x19, 0x74, 0x03, 0x5d, 0x04, 0x50, 0x0a, 0x00, 0x00, 0x00, 0x00,
    0x00, 0x00, 0x00, 0x00, 0x00, 0x00, 0x00, 0x00, 0x00, 0x00, 0x00, 0x00, 0x00, 0x00, 0x74, 0x06,
    0x52, 0x01, 0x74, 0x07, 0x52, 0x02, 0x23, 0x00, 0x29, 0x03, 0xda, 0x0c, 0x53, 0x74, 0x72, 0x65,
    0x61, 0x6d, 0x57, 0x72, 0x69, 0x74, 0x65, 0x72, 0x72, 0x12, 0x00, 0x00, 0x00, 0x4e, 0x29, 0x08,
    0x72, 0x13, 0x00, 0x00, 0x00, 0x72, 0x14, 0x00, 0x00, 0x00, 0x72, 0x15, 0x00, 0x00, 0x00, 0x72,
    0x16, 0x00, 0x00, 0x00, 0x72, 0x03, 0x00, 0x00, 0x00, 0x72, 0x0d, 0x00, 0x00, 0x00, 0x72, 0x10,
    0x00, 0x00, 0x00, 0x72, 0x17, 0x00, 0x00, 0x00, 0x72, 0x12, 0x00, 0x00, 0x00, 0x72, 0x09, 0x00,
    0x00, 0x00, 0x72, 0x07, 0x00, 0x00, 0x00, 0x72, 0x1e, 0x00, 0x00, 0x00, 0x72, 0x1e, 0x00, 0x00,
    0x00, 0x19, 0x00, 0x00, 0x00, 0xf3, 0x0d, 0x00, 0x00, 0x00, 0x86, 0x00, 0xd8, 0x0d, 0x13, 0xd7,
    0x0d, 0x20, 0xd1, 0x0d, 0x20, 0x84, 0x46, 0x72, 0x09, 0x00, 0x00, 0x00, 0x72, 0x1e, 0x00, 0x00,
    0x00, 0x63, 0x00, 0x00, 0x00, 0x00, 0x00, 0x00, 0x00, 0x00, 0x00, 0x00, 0x00, 0x00, 0x01, 0x00,
    0x00, 0x00, 0x00, 0x00, 0x00, 0x00, 0xf3, 0x2e, 0x00, 0x00, 0x00, 0x80, 0x00, 0x5d, 0x00, 0x74,
    0x01, 0x52, 0x00, 0x74, 0x02, 0x5e, 0x1c, 0x74, 0x03, 0x5d, 0x04, 0x50, 0x0a, 0x00, 0x00, 0x00,
    0x00, 0x00, 0x00, 0x00, 0x00, 0x00, 0x00, 0x00, 0x00, 0x00, 0x00, 0x00, 0x00, 0x00, 0x00, 0x74,
    0x06, 0x52, 0x01, 0x74, 0x07, 0x52, 0x02, 0x23, 0x00, 0x29, 0x03, 0xda, 0x0c, 0x53, 0x74, 0x72,
    0x65, 0x61, 0x6d, 0x52, 0x65, 0x61, 0x64, 0x65, 0x72, 0x72, 0x12, 0x00, 0x00, 0x00, 0x4e, 0x29,
    0x08, 0x72, 0x13, 0x00, 0x00, 0x00, 0x72, 0x14, 0x00, 0x00, 0x00, 0x72, 0x15, 0x00, 0x00, 0x00,
    0x72, 0x16, 0x00, 0x00, 0x00, 0x72, 0x03, 0x00, 0x00, 0x00, 0x72, 0x04, 0x00, 0x00, 0x00, 0x72,
    0x08, 0x00, 0x00, 0x00, 0x72, 0x17, 0x00, 0x00, 0x00, 0x72, 0x12, 0x00, 0x00, 0x00, 0x72, 0x09,
    0x00, 0x00, 0x00, 0x72, 0x07, 0x00, 0x00, 0x00, 0x72, 0x21, 0x00, 0x00, 0x00, 0x72, 0x21, 0x00,
    0x00, 0x00, 0x1c, 0x00, 0x00, 0x00, 0x72, 0x1f, 0x00, 0x00, 0x00, 0x72, 0x09, 0x00, 0x00, 0x00,
    0x72, 0x21, 0x00, 0x00, 0x00, 0x63, 0x00, 0x00, 0x00, 0x00, 0x00, 0x00, 0x00, 0x00, 0x00, 0x00,
    0x00, 0x00, 0x0a, 0x00, 0x00, 0x00, 0x03, 0x00, 0x00, 0x00, 0xf3, 0x6c, 0x00, 0x00, 0x00, 0x80,
    0x00, 0x5c, 0x00, 0x00, 0x00, 0x00, 0x00, 0x00, 0x00, 0x00, 0x00, 0x50, 0x02, 0x00, 0x00, 0x00,
    0x00, 0x00, 0x00, 0x00, 0x00, 0x00, 0x00, 0x00, 0x00, 0x00, 0x00, 0x00, 0x00, 0x00, 0x00, 0x21,
    0x00, 0x52, 0x00, 0x5c, 0x04, 0x00, 0x00, 0x00, 0x00, 0x00, 0x00, 0x00, 0x00, 0x5c, 0x06, 0x00,
    0x00, 0x00, 0x00, 0x00, 0x00, 0x00, 0x00, 0x5c, 0x08, 0x00, 0x00, 0x00, 0x00, 0x00, 0x00, 0x00,
    0x00, 0x5c, 0x0a, 0x00, 0x00, 0x00, 0x00, 0x00, 0x00, 0x00, 0x00, 0x5c, 0x0c, 0x00, 0x00, 0x00,
    0x00, 0x00, 0x00, 0x00, 0x00, 0x5c, 0x0e, 0x00, 0x00, 0x00, 0x00, 0x00, 0x00, 0x00, 0x00, 0x52,
    0x01, 0x37, 0x07, 0x00, 0x00, 0x00, 0x00, 0x00, 0x00, 0x23, 0x00, 0x29, 0x02, 0x7a, 0x05, 0x75,
    0x74, 0x66, 0x2d, 0x38, 0x29, 0x07, 0xda, 0x04, 0x6e, 0x61, 0x6d, 0x65, 0x72, 0x10, 0x00, 0x00,
    0x00, 0x72, 0x08, 0x00, 0x00, 0x00, 0xda, 0x12, 0x69, 0x6e, 0x63, 0x72, 0x65, 0x6d, 0x65, 0x6e,
    0x74, 0x61, 0x6c, 0x65, 0x6e, 0x63, 0x6f, 0x64, 0x65, 0x72, 0xda, 0x12, 0x69, 0x6e, 0x63, 0x72,
    0x65, 0x6d, 0x65, 0x6e, 0x74, 0x61, 0x6c, 0x64, 0x65, 0x63, 0x6f, 0x64, 0x65, 0x72, 0xda, 0x0c,
    0x73, 0x74, 0x72, 0x65, 0x61, 0x6d, 0x72, 0x65, 0x61, 0x64, 0x65, 0x72, 0xda, 0x0c, 0x73, 0x74,
    0x72, 0x65, 0x61, 0x6d, 0x77, 0x72, 0x69, 0x74, 0x65, 0x72, 0x29, 0x08, 0x72, 0x03, 0x00, 0x00,
    0x00, 0xda, 0x09, 0x43, 0x6f, 0x64, 0x65, 0x63, 0x49, 0x6e, 0x66, 0x6f, 0x72, 0x10, 0x00, 0x00,
    0x00, 0x72, 0x08, 0x00, 0x00, 0x00, 0x72, 0x0b, 0x00, 0x00, 0x00, 0x72, 0x1b, 0x00, 0x00, 0x00,
    0x72, 0x21, 0x00, 0x00, 0x00, 0x72, 0x1e, 0x00, 0x00, 0x00, 0x72, 0x12, 0x00, 0x00, 0x00, 0x72,
    0x09, 0x00, 0x00, 0x00, 0x72, 0x07, 0x00, 0x00, 0x00, 0xda, 0x0b, 0x67, 0x65, 0x74, 0x72, 0x65,
    0x67, 0x65, 0x6e, 0x74, 0x72, 0x79, 0x72, 0x29, 0x00, 0x00, 0x00, 0x21, 0x00, 0x00, 0x00, 0x73,
    0x2a, 0x00, 0x00, 0x00, 0x80, 0x00, 0xdc, 0x0b, 0x11, 0xd7, 0x0b, 0x1b, 0xd2, 0x0b, 0x1b, 0xd8,
    0x0d, 0x14, 0xdc, 0x0f, 0x15, 0xdc, 0x0f, 0x15, 0xdc, 0x1b, 0x2d, 0xdc, 0x1b, 0x2d, 0xdc, 0x15,
    0x21, 0xdc, 0x15, 0x21, 0xf4, 0x0f, 0x08, 0x0c, 0x06, 0xf0, 0x00, 0x08, 0x05, 0x06, 0x72, 0x09,
    0x00, 0x00, 0x00, 0x29, 0x01, 0xda, 0x06, 0x73, 0x74, 0x72, 0x69, 0x63, 0x74, 0x29, 0x0a, 0x72,
    0x03, 0x00, 0x00, 0x00, 0x72, 0x0d, 0x00, 0x00, 0x00, 0x72, 0x10, 0x00, 0x00, 0x00, 0x72, 0x08,
    0x00, 0x00, 0x00, 0x72, 0x0b, 0x00, 0x00, 0x00, 0xda, 0x1a, 0x42, 0x75, 0x66, 0x66, 0x65, 0x72,
    0x65, 0x64, 0x49, 0x6e, 0x63, 0x72, 0x65, 0x6d, 0x65, 0x6e, 0x74, 0x61, 0x6c, 0x44, 0x65, 0x63,
    0x6f, 0x64, 0x65, 0x72, 0x72, 0x1b, 0x00, 0x00, 0x00, 0x72, 0x1e, 0x00, 0x00, 0x00, 0x72, 0x21,
    0x00, 0x00, 0x00, 0x72, 0x29, 0x00, 0x00, 0x00, 0x72, 0x12, 0x00, 0x00, 0x00, 0x72, 0x09, 0x00,
    0x00, 0x00, 0x72, 0x07, 0x00, 0x00, 0x00, 0xda, 0x08, 0x3c, 0x6d, 0x6f, 0x64, 0x75, 0x6c, 0x65,
    0x3e, 0x72, 0x2c, 0x00, 0x00, 0x00, 0x01, 0x00, 0x00, 0x00, 0x73, 0x69, 0x00, 0x00, 0x00, 0xf0,
    0x03, 0x01, 0x01, 0x01, 0xf3, 0x12, 0x00, 0x01, 0x0e, 0xf0, 0x08, 0x00, 0x0a, 0x10, 0xd7, 0x09,
    0x1c, 0xd1, 0x09, 0x1c, 0x80, 0x06, 0xf4, 0x04, 0x01, 0x01, 0x34, 0xf4, 0x06, 0x02, 0x01, 0x3a,
    0x98, 0x16, 0xd7, 0x19, 0x32, 0xd1, 0x19, 0x32, 0xf4, 0x00, 0x02, 0x01, 0x3a, 0xf4, 0x08, 0x01,
    0x01, 0x29, 0x98, 0x16, 0xd7, 0x19, 0x3a, 0xd1, 0x19, 0x3a, 0xf4, 0x00, 0x01, 0x01, 0x29, 0xf4,
    0x06, 0x01, 0x01, 0x21, 0x90, 0x36, 0xd7, 0x13, 0x26, 0xd1, 0x13, 0x26, 0xf4, 0x00, 0x01, 0x01,
    0x21, 0xf4, 0x06, 0x01, 0x01, 0x21, 0x90, 0x36, 0xd7, 0x13, 0x26, 0xd1, 0x13, 0x26, 0xf4, 0x00,
    0x01, 0x01, 0x21, 0xf4, 0x0a, 0x09, 0x01, 0x06, 0x72, 0x09, 0x00, 0x00, 0x00,
};

const struct _frozen kFrozenBootstrap[] = {
    {"encodings", kFrozen0, static_cast<int>(sizeof(kFrozen0)), 1},
    {"encodings.aliases", kFrozen1, static_cast<int>(sizeof(kFrozen1)), 0},
    {"encodings.utf_8", kFrozen2, static_cast<int>(sizeof(kFrozen2)), 0},
    {nullptr, nullptr, 0, 0},
};

}  // namespace hans::python
